K=25,K=24,K=23,K=22,K=21,K=20,K=19,K=18,K=17,K=16,K=15,K=14,K=13,K=12,K=11,K=10,K=9,K=8,K=7,K=6,K=5,K=4,K=3,K=2,K=1
2725,2725,2656,2639,2664,2643,2612,2604,2610,2604,2581,2528,2589,2635,2665,2548,2562,2716,2685,2529,2507,2452,2466,2424,2597
2929,2929,2884,2897,2893,2883,2796,2767,2721,2661,2665,2718,2590,2791,2784,2777,2675,2737,2777,2603,2607,2466,2437,2306,2256
2836,2836,2797,2790,2801,2744,2778,2743,2736,2773,2692,2686,2634,2741,2742,2568,2582,2574,2538,2550,2625,2459,2580,2410,2561
2831,2831,2841,2772,2765,2776,2779,2793,2787,2747,2665,2707,2645,2610,2606,2535,2733,2561,2587,2480,2479,2449,2381,2404,2407
2918,2918,2956,2944,2929,2945,2858,2807,2788,2766,2732,2716,2721,2774,2729,2693,2752,2576,2575,2520,2371,2422,2553,2505,2488
2887,2887,2886,2831,2827,2814,2782,2694,2773,2630,2711,2689,2646,2607,2674,2643,2564,2573,2522,2615,2495,2411,2512,2307,2390
2856,2856,2832,2835,2863,2862,2809,2758,2692,2680,2625,2648,2483,2782,2814,2890,2605,2580,2598,2527,2530,2529,2375,2437,2499
2708,2708,2748,2743,2826,2817,2809,2639,2578,2560,2628,2485,2518,2634,2531,2526,2637,2500,2484,2555,2465,2639,2505,2519,2410
2682,2682,2736,2669,2744,2728,2683,2792,2680,2754,2677,2659,2600,2706,2701,2668,2731,2742,2573,2686,2487,2389,2610,2459,2539
2785,2785,2832,2886,2751,2706,2709,2610,2570,2615,2533,2507,2634,2484,2491,2696,2531,2492,2540,2497,2471,2435,2469,2339,2579
2840,2840,2788,2800,2796,2792,2667,2710,2687,2659,2688,2642,2668,2681,2772,2585,2637,2678,2707,2714,2553,2498,2402,2402,2596
2707,2707,2713,2723,2737,2719,2695,2726,2750,2593,2685,2649,2584,2621,2767,2655,2716,2631,2612,2608,2410,2403,2528,2490,2512
2829,2829,2767,2764,2720,2719,2741,2725,2708,2743,2717,2674,2634,2698,2741,2614,2639,2618,2673,2580,2545,2537,2469,2248,2446
2708,2708,2661,2650,2577,2559,2743,2680,2709,2596,2694,2702,2648,2517,2594,2623,2645,2550,2597,2464,2503,2494,2471,2403,2523
2761,2761,2793,2797,2734,2611,2697,2561,2556,2520,2456,2464,2641,2645,2556,2620,2473,2613,2657,2505,2437,2434,2491,2427,2435
2771,2771,2757,2734,2752,2834,2778,2686,2711,2707,2710,2690,2563,2688,2728,2580,2777,2720,2697,2612,2507,2434,2431,2381,2573
2924,2924,2914,2878,2864,2871,2733,2779,2678,2734,2683,2693,2529,2716,2686,2730,2526,2615,2610,2594,2594,2438,2492,2406,2475
2819,2819,2771,2778,2774,2720,2661,2718,2716,2638,2689,2649,2625,2660,2694,2587,2674,2506,2482,2449,2481,2524,2527,2420,2467
2759,2759,2650,2660,2658,2656,2634,2688,2769,2690,2771,2833,2551,2797,2819,2660,2705,2521,2528,2363,2427,2459,2485,2455,2585
2774,2774,2823,2869,2806,2749,2857,2755,2702,2635,2603,2731,2643,2737,2686,2708,2659,2484,2702,2550,2517,2499,2427,2492,2496
2823,2823,2852,2899,2814,2846,2824,2864,2722,2709,2702,2620,2634,2567,2636,2582,2452,2514,2633,2667,2465,2561,2471,2463,2466
2894,2894,2847,2814,2845,2846,2829,2710,2638,2670,2636,2631,2618,2619,2673,2530,2547,2628,2625,2517,2483,2505,2405,2310,2540
2823,2823,2716,2732,2777,2752,2690,2624,2803,2695,2672,2713,2622,2699,2731,2725,2636,2658,2599,2539,2463,2314,2414,2402,2471
2836,2836,2815,2821,2762,2764,2812,2718,2675,2734,2631,2659,2568,2764,2753,2572,2600,2625,2693,2548,2514,2572,2472,2454,2478
2772,2772,2732,2710,2707,2744,2764,2798,2751,2741,2738,2714,2592,2717,2795,2763,2705,2509,2492,2577,2480,2382,2435,2477,2528
2872,2872,2891,2817,2793,2697,2705,2723,2656,2691,2706,2696,2626,2643,2704,2745,2733,2605,2605,2575,2543,2530,2398,2362,2667
2752,2752,2664,2773,2793,2777,2669,2666,2761,2776,2666,2678,2637,2471,2492,2634,2761,2509,2631,2540,2560,2521,2497,2523,2503
2676,2676,2670,2660,2621,2601,2504,2518,2606,2665,2631,2603,2551,2799,2732,2660,2647,2660,2612,2541,2536,2410,2432,2402,2404
2820,2820,2832,2873,2773,2795,2791,2684,2661,2666,2660,2576,2525,2660,2661,2552,2621,2646,2574,2463,2403,2478,2459,2473,2535
2723,2723,2766,2814,2876,2815,2741,2800,2829,2771,2699,2616,2746,2792,2772,2585,2618,2606,2650,2538,2412,2379,2556,2490,2546
2858,2858,2811,2789,2780,2755,2757,2666,2677,2721,2660,2579,2648,2733,2766,2601,2632,2580,2551,2657,2625,2420,2415,2431,2556
2770,2770,2704,2780,2715,2699,2663,2731,2656,2668,2606,2727,2590,2710,2792,2743,2665,2659,2656,2507,2494,2390,2407,2379,2515
2717,2717,2745,2808,2757,2760,2668,2637,2767,2763,2605,2637,2576,2655,2653,2715,2685,2537,2637,2644,2611,2576,2568,2398,2515
2790,2790,2761,2856,2924,2894,2671,2747,2693,2655,2644,2573,2644,2446,2739,2561,2620,2489,2658,2537,2613,2395,2441,2378,2570
2864,2864,2914,2787,2830,2800,2742,2703,2728,2674,2613,2520,2583,2545,2628,2645,2547,2529,2597,2497,2459,2387,2404,2647,2544
2909,2909,2787,2819,2789,2762,2717,2672,2713,2654,2697,2577,2715,2674,2720,2468,2752,2680,2682,2528,2492,2463,2376,2559,2633
2675,2675,2737,2717,2691,2718,2706,2738,2747,2750,2725,2662,2612,2609,2625,2647,2752,2439,2591,2523,2586,2492,2475,2477,2449
2809,2809,2897,2861,2792,2816,2813,2702,2685,2607,2454,2543,2523,2536,2681,2582,2684,2541,2566,2381,2540,2438,2383,2425,2494
2822,2822,2833,2797,2748,2742,2600,2652,2786,2819,2733,2685,2556,2747,2771,2689,2710,2586,2576,2592,2495,2466,2524,2517,2608
2753,2753,2790,2754,2755,2742,2758,2739,2645,2605,2547,2671,2597,2685,2643,2643,2592,2640,2624,2500,2532,2501,2569,2439,2508
2806,2806,2820,2770,2811,2782,2698,2748,2638,2614,2663,2611,2626,2702,2705,2634,2487,2590,2607,2552,2554,2507,2457,2481,2465
2805,2805,2693,2782,2785,2777,2794,2589,2717,2730,2730,2724,2775,2748,2773,2872,2568,2673,2666,2600,2572,2512,2482,2490,2531
2730,2730,2788,2646,2801,2719,2803,2578,2607,2560,2719,2635,2693,2781,2798,2596,2630,2656,2640,2561,2576,2515,2482,2471,2427
2751,2751,2831,2800,2656,2747,2659,2703,2553,2712,2733,2616,2726,2747,2690,2796,2703,2675,2643,2474,2642,2462,2439,2500,2506
2783,2783,2735,2788,2701,2595,2722,2712,2642,2660,2588,2684,2740,2669,2729,2646,2598,2567,2611,2581,2552,2455,2536,2498,2540
2942,2942,2796,2761,2866,2824,2761,2826,2629,2680,2623,2693,2554,2805,2770,2583,2577,2558,2611,2448,2494,2554,2388,2533,2688
2728,2728,2692,2689,2706,2727,2780,2736,2684,2745,2600,2690,2601,2688,2736,2788,2687,2518,2582,2663,2450,2534,2423,2482,2454
2758,2758,2748,2756,2791,2740,2686,2707,2807,2747,2610,2690,2632,2760,2603,2544,2631,2657,2626,2483,2568,2433,2487,2370,2490
2806,2806,2814,2836,2784,2841,2731,2632,2679,2642,2488,2618,2583,2697,2631,2736,2767,2707,2569,2589,2589,2515,2430,2434,2472
2851,2851,2864,2816,2791,2808,2721,2649,2696,2740,2720,2647,2692,2786,2882,2662,2594,2480,2413,2467,2377,2561,2285,2436,2514
2826,2826,2832,2802,2816,2660,2758,2795,2687,2646,2703,2640,2634,2617,2651,2674,2703,2675,2635,2442,2458,2573,2451,2401,2404
2763,2763,2651,2651,2802,2765,2714,2617,2716,2692,2613,2620,2660,2657,2611,2706,2646,2526,2477,2558,2441,2574,2506,2508,2468
2847,2847,2813,2775,2811,2651,2756,2719,2662,2527,2710,2617,2564,2648,2669,2780,2548,2609,2640,2470,2487,2419,2462,2416,2491
2789,2789,2865,2870,2837,2748,2694,2711,2673,2562,2583,2684,2738,2724,2534,2625,2613,2536,2488,2538,2465,2579,2396,2488,2491
2761,2761,2743,2688,2634,2748,2664,2687,2819,2717,2660,2640,2734,2791,2726,2842,2679,2668,2658,2465,2530,2438,2331,2471,2578
2790,2790,2829,2827,2744,2763,2845,2549,2697,2745,2491,2533,2658,2677,2803,2694,2613,2566,2595,2535,2550,2435,2644,2526,2575
2789,2789,2876,2829,2705,2799,2788,2696,2766,2602,2661,2449,2608,2547,2627,2558,2644,2611,2579,2606,2498,2374,2501,2458,2579
2724,2724,2874,2777,2660,2802,2772,2701,2727,2690,2639,2700,2629,2667,2637,2548,2589,2610,2581,2546,2424,2545,2518,2597,2437
2741,2741,2776,2654,2800,2610,2596,2720,2671,2694,2741,2602,2619,2704,2704,2669,2665,2546,2617,2460,2520,2480,2343,2475,2404
2798,2798,2815,2783,2925,2815,2629,2666,2687,2676,2552,2605,2582,2681,2708,2610,2493,2465,2560,2464,2603,2370,2564,2487,2438
2837,2837,2731,2775,2856,2813,2811,2822,2795,2727,2585,2678,2574,2595,2626,2596,2537,2719,2571,2538,2422,2657,2449,2418,2370
2790,2790,2779,2767,2922,2782,2903,2711,2777,2578,2645,2674,2707,2775,2825,2715,2613,2493,2678,2586,2397,2399,2450,2484,2479
2937,2937,2769,2910,2770,2756,2735,2668,2704,2745,2663,2559,2679,2641,2658,2833,2793,2860,2723,2677,2624,2547,2408,2454,2407
2747,2747,2841,2862,2776,2751,2823,2601,2625,2759,2596,2622,2649,2715,2651,2489,2621,2730,2579,2556,2600,2486,2473,2390,2585
2846,2846,2751,2773,2795,2680,2764,2823,2765,2707,2627,2697,2621,2634,2718,2630,2596,2671,2652,2603,2407,2474,2517,2445,2488
2640,2640,2816,2727,2856,2865,2689,2758,2733,2668,2773,2668,2691,2718,2754,2606,2777,2593,2625,2563,2457,2410,2415,2414,2566
2714,2714,2712,2714,2689,2705,2576,2612,2754,2649,2600,2686,2564,2739,2659,2735,2740,2509,2546,2691,2603,2392,2522,2475,2399
2807,2807,2769,2724,2748,2673,2546,2609,2680,2712,2503,2654,2558,2574,2602,2650,2533,2554,2551,2486,2543,2486,2542,2329,2592
2898,2898,2874,2824,2784,2827,2598,2749,2704,2545,2671,2652,2537,2578,2578,2550,2573,2573,2684,2646,2548,2495,2407,2435,2642
2845,2845,2839,2716,2959,2743,2802,2834,2731,2761,2637,2569,2598,2648,2632,2759,2550,2472,2681,2581,2499,2482,2445,2449,2618
2793,2793,2753,2786,2797,2667,2710,2848,2789,2628,2793,2736,2653,2582,2636,2615,2684,2592,2475,2422,2401,2445,2439,2448,2534
2842,2842,2785,2886,2700,2677,2731,2689,2686,2646,2716,2546,2723,2812,2665,2716,2528,2511,2595,2496,2492,2368,2406,2339,2474
2808,2808,2887,2882,2835,2719,2750,2741,2590,2620,2586,2594,2540,2668,2803,2517,2702,2637,2654,2572,2410,2509,2434,2424,2530
2720,2720,2814,2780,2808,2819,2819,2802,2757,2769,2588,2575,2575,2743,2767,2618,2584,2566,2506,2638,2563,2357,2321,2365,2371
2957,2957,2784,2772,2750,2739,2713,2789,2682,2672,2785,2699,2654,2728,2711,2602,2667,2588,2562,2605,2561,2436,2578,2485,2624
2843,2843,2715,2736,2826,2715,2678,2737,2651,2723,2668,2592,2571,2691,2644,2703,2576,2574,2471,2532,2453,2543,2354,2552,2710
2713,2713,2637,2670,2724,2783,2663,2702,2677,2629,2652,2736,2539,2604,2652,2567,2673,2520,2614,2493,2554,2458,2430,2479,2461
2894,2894,2876,2792,2786,2688,2655,2718,2575,2619,2601,2591,2540,2686,2691,2680,2622,2495,2486,2721,2566,2413,2357,2462,2538
2809,2809,2833,2810,2807,2824,2753,2803,2582,2773,2582,2533,2609,2617,2570,2637,2774,2500,2562,2533,2548,2493,2421,2435,2536
2631,2631,2833,2719,2754,2818,2767,2799,2762,2701,2761,2630,2593,2691,2690,2662,2666,2537,2576,2552,2474,2458,2433,2400,2516
2873,2873,2882,2685,2770,2763,2691,2674,2626,2653,2648,2533,2561,2752,2652,2704,2649,2511,2492,2451,2593,2519,2376,2468,2497
2842,2842,2725,2735,2692,2879,2788,2620,2618,2619,2683,2550,2704,2760,2853,2710,2585,2536,2620,2496,2493,2455,2453,2457,2388
2803,2803,2855,2789,2700,2627,2718,2804,2744,2721,2584,2627,2611,2623,2514,2694,2642,2619,2565,2597,2498,2524,2514,2488,2554
2821,2821,2812,2792,2791,2598,2786,2810,2633,2686,2688,2525,2612,2710,2712,2692,2603,2633,2601,2588,2566,2525,2329,2297,2610
2820,2820,2837,2652,2662,2658,2817,2728,2735,2659,2679,2635,2535,2572,2559,2723,2517,2647,2499,2643,2392,2417,2373,2465,2469
2788,2788,2931,2860,2746,2680,2653,2467,2769,2443,2637,2636,2533,2760,2634,2537,2649,2477,2623,2500,2508,2626,2348,2299,2581
2673,2673,2744,2712,2759,2789,2759,2614,2520,2585,2457,2609,2473,2714,2677,2816,2612,2621,2619,2519,2555,2516,2396,2340,2574
2746,2746,2745,2783,2773,2737,2792,2725,2614,2748,2552,2539,2591,2589,2500,2629,2590,2419,2442,2438,2519,2389,2475,2371,2532
2935,2935,2958,2870,2720,2905,2777,2765,2766,2626,2730,2540,2718,2752,2586,2575,2659,2588,2612,2609,2427,2480,2496,2468,2442
2823,2823,2645,2842,2771,2804,2753,2805,2685,2631,2674,2687,2565,2615,2659,2596,2607,2562,2615,2380,2603,2590,2542,2451,2502
2779,2779,2744,2727,2706,2807,2719,2630,2662,2695,2621,2661,2631,2850,2730,2585,2648,2563,2642,2527,2538,2460,2495,2436,2602
2713,2713,2648,2782,2713,2588,2692,2630,2663,2766,2640,2669,2712,2677,2750,2735,2696,2444,2502,2474,2653,2310,2317,2299,2550
2828,2828,2883,2858,2912,2680,2701,2798,2690,2748,2778,2645,2749,2615,2659,2668,2743,2645,2640,2508,2548,2535,2425,2568,2406
2857,2857,2782,2661,2619,2767,2851,2762,2720,2701,2746,2612,2586,2514,2772,2613,2589,2592,2712,2474,2475,2542,2417,2422,2548
2885,2885,2878,2785,2739,2762,2716,2648,2707,2711,2649,2660,2507,2711,2734,2606,2564,2649,2684,2724,2551,2498,2447,2495,2512
2755,2755,2783,2797,2898,2794,2731,2732,2689,2606,2710,2623,2663,2802,2751,2693,2633,2558,2618,2614,2499,2566,2522,2479,2646
2795,2795,2756,2698,2725,2803,2743,2763,2710,2724,2683,2611,2693,2604,2592,2860,2526,2667,2483,2484,2623,2484,2488,2454,2659
2735,2735,2711,2822,2800,2698,2636,2766,2610,2688,2720,2694,2634,2703,2725,2755,2789,2560,2634,2588,2674,2466,2374,2396,2448
2993,2993,2872,2855,2724,2755,2730,2719,2638,2647,2636,2658,2488,2696,2638,2668,2598,2528,2655,2565,2555,2486,2416,2528,2694
2898,2898,2971,2898,2879,2927,2722,2663,2753,2724,2646,2631,2550,2526,2739,2626,2629,2505,2761,2557,2471,2377,2396,2567,2646
2774,2774,2882,2798,2777,2830,2811,2892,2667,2771,2675,2740,2754,2550,2583,2557,2589,2558,2553,2518,2625,2446,2488,2505,2570
2836,2836,2826,2749,2734,2690,2747,2749,2780,2834,2684,2791,2592,2774,2767,2781,2532,2620,2568,2494,2570,2508,2484,2566,2427
2707,2707,2818,2823,2904,2715,2702,2585,2832,2536,2872,2795,2731,2833,2769,2763,2623,2710,2610,2472,2559,2570,2472,2379,2547
2815,2815,2862,2908,2741,2763,2759,2707,2604,2632,2479,2614,2486,2601,2588,2739,2649,2665,2648,2661,2562,2526,2513,2414,2527
2651,2651,2557,2675,2737,2720,2674,2819,2643,2553,2598,2643,2608,2713,2705,2575,2739,2495,2505,2580,2440,2638,2398,2360,2567
2815,2815,2873,2794,2722,2576,2675,2613,2563,2683,2500,2629,2646,2671,2693,2688,2707,2679,2661,2509,2498,2497,2555,2451,2459
2679,2679,2729,2796,2724,2775,2712,2548,2714,2559,2657,2758,2549,2639,2677,2658,2702,2593,2575,2540,2475,2444,2548,2428,2608
2892,2892,2695,2770,2860,2675,2700,2607,2568,2649,2535,2518,2521,2653,2677,2535,2645,2604,2679,2563,2535,2629,2467,2508,2445
2735,2735,2766,2860,2778,2821,2709,2595,2705,2655,2675,2682,2703,2668,2541,2620,2617,2626,2679,2522,2497,2481,2465,2524,2585
2672,2672,2735,2752,2843,2735,2740,2684,2650,2645,2536,2793,2507,2677,2713,2611,2543,2486,2534,2530,2561,2417,2561,2488,2469
2763,2763,2880,2864,2611,2639,2851,2557,2684,2670,2582,2591,2582,2729,2654,2667,2615,2558,2601,2685,2540,2479,2558,2451,2537
2779,2779,2755,2712,2746,2717,2652,2665,2700,2640,2620,2572,2712,2631,2698,2617,2670,2600,2473,2501,2505,2339,2395,2438,2485
2795,2795,2826,2731,2741,2726,2725,2717,2658,2642,2689,2566,2469,2805,2791,2564,2540,2620,2658,2501,2657,2680,2469,2494,2527
2716,2716,2756,2789,2792,2761,2644,2625,2662,2664,2603,2745,2489,2727,2695,2705,2609,2551,2613,2547,2504,2485,2373,2470,2591
2707,2707,2641,2684,2633,2734,2721,2677,2710,2703,2623,2577,2624,2614,2575,2560,2440,2574,2401,2621,2527,2437,2517,2463,2500
2792,2792,2770,2891,2696,2582,2714,2665,2763,2709,2669,2611,2545,2637,2667,2607,2659,2672,2610,2526,2601,2480,2526,2422,2567
2837,2837,2784,2805,2702,2783,2613,2740,2728,2549,2698,2651,2624,2739,2746,2675,2502,2698,2646,2559,2548,2513,2371,2430,2549
2937,2937,2972,2901,2800,2855,2727,2700,2506,2654,2638,2650,2621,2683,2670,2629,2617,2645,2679,2570,2579,2510,2517,2460,2442
3023,3023,2713,2689,2813,2888,2735,2734,2700,2701,2715,2625,2563,2697,2507,2732,2663,2619,2585,2592,2526,2568,2544,2460,2502
2839,2839,2754,2746,2941,2637,2832,2802,2750,2690,2712,2586,2631,2696,2586,2665,2641,2593,2503,2425,2509,2471,2380,2375,2657
2803,2803,2779,2899,2778,2659,2908,2575,2754,2543,2685,2730,2507,2660,2604,2507,2632,2649,2654,2510,2536,2458,2535,2440,2574
2749,2749,2885,2641,2729,2736,2769,2539,2596,2609,2551,2569,2643,2691,2764,2700,2723,2497,2642,2613,2537,2476,2424,2314,2436
2752,2752,2785,2870,2706,2766,2813,2813,2614,2742,2543,2662,2526,2698,2636,2886,2604,2685,2674,2614,2597,2412,2545,2395,2417
2784,2784,2815,2769,2772,2892,2617,2634,2766,2626,2705,2539,2535,2639,2585,2725,2739,2613,2608,2533,2559,2482,2361,2354,2653
2939,2939,2888,2845,2593,2827,2658,2888,2647,2585,2648,2583,2684,2605,2641,2692,2711,2777,2633,2484,2500,2376,2424,2423,2473
2679,2679,2782,2858,2785,2836,2681,2774,2589,2630,2581,2681,2581,2855,2603,2640,2726,2673,2623,2562,2526,2390,2531,2468,2464
2755,2755,2736,2717,2745,2780,2697,2753,2714,2654,2596,2708,2635,2693,2757,2639,2658,2595,2533,2559,2567,2455,2363,2433,2542
2888,2888,2822,2745,2824,2674,2717,2865,2673,2799,2641,2509,2514,2541,2648,2616,2643,2756,2594,2493,2506,2527,2383,2385,2496
2723,2723,2700,2842,2837,2661,2775,2605,2836,2657,2759,2675,2477,2794,2660,2681,2698,2688,2790,2531,2603,2591,2469,2435,2569
2871,2871,2921,2845,2748,2772,2691,2827,2651,2678,2664,2636,2595,2759,2680,2755,2617,2524,2656,2616,2571,2402,2478,2387,2587
2850,2850,2824,2749,2755,2777,2688,2750,2710,2677,2729,2777,2580,2648,2586,2715,2491,2514,2607,2548,2482,2505,2457,2413,2459
2842,2842,2737,2659,2736,2685,2836,2699,2710,2679,2668,2683,2701,2561,2626,2809,2682,2535,2562,2586,2435,2429,2507,2523,2601
2809,2809,2855,2752,2777,2691,2727,2670,2677,2652,2681,2791,2597,2647,2705,2665,2767,2713,2638,2552,2495,2391,2603,2549,2597
2759,2759,2774,2785,2810,2706,2736,2640,2717,2574,2660,2676,2610,2739,2708,2733,2609,2739,2740,2603,2431,2453,2474,2414,2455
2824,2824,2871,2832,2712,2806,2873,2677,2593,2673,2668,2611,2599,2602,2642,2690,2670,2611,2719,2557,2619,2500,2404,2463,2445
2808,2808,2739,2607,2770,2806,2731,2692,2694,2714,2659,2742,2754,2681,2637,2632,2740,2583,2604,2519,2549,2456,2374,2448,2710
2869,2869,2733,2730,2732,2816,2954,2606,2719,2605,2738,2650,2637,2603,2672,2801,2508,2553,2509,2696,2589,2452,2480,2520,2587
2813,2813,2720,2864,2708,2659,2733,2652,2593,2678,2521,2718,2683,2559,2813,2751,2525,2595,2565,2575,2566,2487,2502,2407,2457
2902,2902,2632,2782,2699,2713,2621,2678,2665,2622,2659,2784,2448,2637,2506,2661,2742,2543,2545,2437,2456,2386,2362,2367,2496
2703,2703,2909,2807,2826,2751,2724,2789,2647,2740,2601,2578,2556,2626,2637,2707,2551,2531,2570,2475,2509,2374,2401,2389,2570
2833,2833,2653,2725,2821,2825,2724,2775,2710,2762,2681,2548,2572,2545,2634,2667,2631,2524,2670,2569,2650,2534,2437,2580,2379
2826,2826,2797,2801,2874,2704,2798,2763,2766,2831,2740,2617,2521,2658,2688,2665,2593,2528,2782,2530,2601,2486,2480,2551,2613
2721,2721,2785,2823,2884,2791,2651,2586,2836,2587,2783,2628,2626,2747,2656,2518,2547,2490,2607,2424,2420,2425,2535,2374,2548
2836,2836,2825,2763,2741,2738,2681,2731,2695,2730,2542,2569,2561,2630,2772,2627,2504,2650,2660,2495,2549,2470,2383,2469,2650
2874,2874,2614,2762,2717,2839,2588,2789,2707,2718,2657,2585,2517,2685,2654,2599,2548,2452,2571,2544,2654,2551,2483,2456,2490
2747,2747,2885,2811,2727,2688,2734,2644,2767,2646,2734,2745,2533,2812,2616,2824,2577,2627,2537,2515,2480,2412,2511,2379,2645
2898,2898,2854,2844,2706,2770,2508,2726,2598,2618,2596,2507,2820,2704,2813,2648,2599,2572,2513,2619,2518,2468,2432,2412,2411
2795,2795,2875,2795,2769,2825,2791,2842,2693,2721,2684,2679,2560,2629,2599,2687,2643,2582,2549,2423,2642,2455,2403,2465,2525
2835,2835,2744,2807,2880,2734,2798,2642,2701,2616,2664,2453,2659,2615,2674,2677,2732,2646,2523,2519,2569,2541,2492,2444,2522
2689,2689,2643,2632,2756,2786,2711,2748,2647,2718,2641,2653,2525,2706,2720,2650,2653,2612,2483,2672,2559,2511,2402,2504,2557
2918,2918,2912,2836,2628,2648,2738,2631,2723,2687,2659,2670,2574,2739,2649,2692,2512,2611,2442,2671,2563,2502,2473,2433,2420
2752,2752,2879,2866,2807,2865,2586,2706,2640,2574,2599,2684,2639,2703,2726,2661,2580,2697,2562,2563,2543,2480,2377,2382,2495
2834,2834,2633,2688,2820,2785,2762,2612,2675,2513,2649,2614,2622,2582,2776,2656,2767,2551,2706,2430,2597,2394,2455,2400,2440
2843,2843,2761,2789,2698,2700,2742,2734,2596,2759,2523,2576,2578,2591,2593,2576,2598,2534,2675,2441,2488,2361,2369,2339,2557
2695,2695,2669,2798,2749,2789,2739,2777,2712,2750,2632,2601,2552,2549,2576,2619,2643,2697,2614,2523,2455,2426,2585,2536,2530
2698,2698,2774,2768,2681,2782,2576,2704,2748,2538,2656,2523,2604,2570,2656,2553,2705,2532,2621,2633,2646,2386,2424,2495,2579
2750,2750,2736,2750,2647,2805,2701,2674,2547,2624,2640,2743,2489,2733,2610,2521,2476,2550,2457,2542,2641,2563,2408,2388,2530
2932,2932,2771,2844,2665,2721,2716,2572,2648,2630,2654,2702,2614,2678,2689,2708,2554,2483,2570,2475,2418,2463,2488,2429,2413
2776,2776,2731,2782,2870,2747,2759,2638,2656,2675,2629,2609,2599,2700,2652,2495,2594,2688,2545,2592,2705,2464,2425,2528,2581
2816,2816,2812,2863,2741,2761,2883,2657,2692,2634,2642,2700,2594,2604,2693,2621,2647,2633,2455,2390,2492,2376,2355,2488,2449
2805,2805,2744,2767,2899,2802,2675,2575,2673,2715,2610,2607,2584,2573,2533,2612,2522,2688,2611,2646,2590,2497,2517,2336,2459
2790,2790,2809,2839,2797,2762,2852,2632,2732,2640,2513,2683,2626,2702,2633,2504,2569,2647,2544,2592,2482,2568,2519,2443,2601
2761,2761,2819,2828,2791,2728,2766,2742,2652,2764,2491,2653,2798,2775,2727,2583,2672,2567,2645,2520,2518,2405,2341,2460,2503
2745,2745,2701,2906,2807,2752,2812,2704,2710,2753,2582,2713,2644,2523,2448,2650,2632,2568,2552,2479,2494,2364,2484,2507,2348
2624,2624,2709,2826,2618,2844,2805,2697,2710,2680,2624,2582,2657,2806,2643,2622,2633,2632,2640,2483,2464,2367,2498,2280,2545
2827,2827,2810,2760,2687,2870,2893,2713,2706,2620,2660,2618,2573,2733,2689,2618,2715,2534,2601,2425,2416,2467,2342,2287,2485
2853,2853,2807,2828,2715,2755,2852,2692,2646,2775,2677,2663,2596,2656,2780,2675,2503,2648,2599,2508,2508,2395,2355,2452,2426
2777,2777,2812,2789,2663,2710,2849,2655,2789,2748,2661,2564,2547,2645,2749,2723,2653,2609,2635,2485,2523,2425,2378,2461,2508
2877,2877,2837,2787,2811,2789,2754,2821,2649,2624,2711,2717,2596,2763,2743,2830,2786,2481,2656,2455,2502,2394,2413,2453,2601
2805,2805,2759,2711,2937,2738,2645,2710,2694,2638,2407,2571,2572,2676,2703,2604,2623,2659,2618,2528,2501,2397,2473,2481,2533
2764,2764,2808,2722,2786,2696,2793,2630,2635,2596,2605,2691,2663,2665,2510,2713,2679,2706,2687,2529,2581,2431,2472,2427,2471
2670,2670,2752,2768,2772,2697,2714,2654,2603,2676,2627,2680,2566,2701,2719,2589,2821,2554,2751,2461,2499,2455,2364,2535,2528
2744,2744,2595,2767,2832,2689,2793,2611,2696,2692,2592,2580,2628,2640,2641,2639,2586,2513,2518,2586,2482,2457,2409,2453,2472
2830,2830,2803,2864,2654,2702,2771,2728,2718,2580,2740,2641,2518,2692,2766,2632,2595,2718,2613,2582,2463,2470,2325,2449,2557
2808,2808,2851,2834,2782,2770,2692,2812,2583,2809,2619,2584,2634,2634,2657,2754,2605,2545,2461,2571,2569,2551,2495,2309,2463
2785,2785,2814,2825,2706,2792,2701,2640,2846,2640,2727,2598,2527,2660,2566,2647,2496,2695,2624,2548,2456,2522,2465,2364,2542
2852,2852,2872,2845,2711,2800,2748,2721,2637,2680,2528,2449,2650,2633,2680,2763,2671,2642,2553,2464,2540,2258,2350,2387,2432
2927,2927,2796,2830,2802,2817,2730,2797,2711,2660,2764,2585,2602,2654,2836,2655,2816,2471,2575,2599,2497,2502,2512,2500,2465
2779,2779,2711,2772,2745,2737,2748,2577,2698,2727,2647,2695,2538,2511,2719,2741,2598,2578,2559,2594,2510,2492,2431,2421,2499
2755,2755,2903,2746,2869,2776,2853,2724,2758,2632,2585,2747,2624,2642,2670,2665,2697,2605,2561,2429,2492,2364,2539,2479,2419
2817,2817,2834,2792,2867,2860,2751,2738,2691,2786,2694,2492,2576,2717,2702,2550,2705,2475,2641,2641,2530,2415,2512,2546,2534
2878,2878,2872,2822,2766,2685,2821,2779,2781,2692,2593,2834,2578,2592,2701,2566,2657,2599,2416,2407,2552,2385,2511,2407,2476
2686,2686,2762,2788,2847,2730,2691,2668,2704,2734,2841,2600,2681,2571,2781,2925,2545,2695,2584,2598,2313,2457,2465,2454,2493
2719,2719,2942,2726,2679,2707,2720,2729,2758,2562,2638,2571,2645,2709,2801,2533,2709,2718,2623,2518,2536,2350,2496,2530,2479
2846,2846,2845,2774,2670,2736,2707,2720,2609,2651,2530,2596,2545,2713,2700,2738,2590,2653,2694,2549,2584,2439,2310,2382,2504
2785,2785,2948,2708,2723,2783,2657,2784,2717,2569,2612,2630,2609,2598,2583,2732,2503,2592,2686,2582,2389,2493,2522,2501,2410
2714,2714,2779,2669,2756,2778,2791,2631,2725,2690,2596,2568,2671,2743,2767,2562,2662,2588,2540,2549,2567,2437,2401,2537,2509
2812,2812,2801,2792,2903,2716,2637,2750,2748,2716,2582,2655,2658,2731,2794,2567,2716,2601,2628,2479,2537,2460,2453,2451,2520
2801,2801,2803,2703,2771,2701,2671,2732,2716,2628,2708,2536,2610,2732,2642,2623,2605,2619,2623,2462,2505,2438,2448,2453,2438
2811,2811,2835,2624,2748,2676,2730,2700,2649,2670,2706,2606,2548,2766,2676,2685,2705,2513,2580,2571,2584,2413,2591,2300,2459
2834,2834,2840,2680,2938,2701,2712,2699,2649,2596,2778,2483,2568,2752,2785,2669,2591,2597,2596,2588,2434,2450,2383,2399,2508
2839,2839,2873,2829,2782,2688,2766,2768,2635,2758,2653,2603,2458,2714,2689,2669,2682,2671,2578,2528,2589,2424,2449,2453,2610
2775,2775,2740,2783,2764,2702,2646,2758,2795,2691,2690,2594,2520,2592,2643,2703,2560,2591,2600,2365,2530,2454,2462,2472,2473
2927,2927,2712,2755,2817,2728,2726,2679,2766,2625,2666,2580,2604,2708,2724,2759,2432,2649,2493,2499,2498,2618,2336,2514,2548
2905,2905,2864,2883,2838,2722,2783,2780,2725,2580,2651,2556,2584,2662,2821,2567,2509,2627,2593,2622,2487,2548,2438,2571,2426
2825,2825,2817,2841,2713,2784,2755,2718,2729,2575,2710,2640,2608,2750,2694,2740,2707,2625,2621,2529,2549,2403,2479,2573,2640
2885,2885,2693,2813,2762,2900,2752,2617,2693,2640,2647,2683,2517,2712,2714,2623,2611,2471,2644,2399,2502,2452,2390,2334,2570
2861,2861,2789,2783,2741,2811,2630,2708,2675,2524,2709,2638,2602,2607,2756,2633,2683,2547,2533,2666,2479,2436,2406,2376,2495
2716,2716,2652,2793,2805,2738,2803,2711,2659,2710,2671,2582,2636,2625,2588,2583,2630,2459,2647,2617,2525,2360,2335,2379,2490
2784,2784,2746,2689,2908,2726,2628,2662,2691,2561,2658,2653,2526,2670,2653,2692,2620,2551,2486,2551,2527,2585,2531,2396,2556
2710,2710,2763,2808,2823,2861,2832,2833,2637,2694,2614,2693,2484,2658,2752,2500,2736,2603,2520,2589,2510,2498,2475,2472,2449
2872,2872,2796,2815,2767,2786,2616,2652,2726,2627,2651,2632,2659,2673,2518,2555,2683,2561,2617,2536,2499,2512,2568,2477,2568
2839,2839,2876,2789,2707,2804,2783,2878,2689,2711,2596,2607,2543,2666,2712,2635,2663,2609,2625,2670,2552,2555,2414,2377,2577
2886,2886,2815,2772,2716,2761,2745,2706,2767,2695,2671,2550,2631,2599,2621,2715,2476,2464,2533,2582,2406,2547,2465,2459,2541
2781,2781,2784,2870,2655,2758,2747,2711,2698,2741,2630,2638,2617,2799,2697,2663,2633,2489,2567,2606,2549,2474,2401,2487,2512
2835,2835,2758,2795,2898,2781,2824,2609,2629,2659,2757,2551,2615,2589,2692,2661,2607,2550,2502,2634,2457,2461,2408,2461,2488
2723,2723,2583,2759,2752,2862,2861,2850,2667,2712,2671,2618,2608,2547,2649,2664,2583,2579,2626,2571,2569,2476,2474,2356,2583
2797,2797,2692,2702,2849,2781,2760,2764,2816,2617,2600,2604,2754,2729,2815,2608,2663,2640,2627,2551,2445,2353,2569,2308,2382
2860,2860,2700,2690,2835,2643,2725,2860,2743,2727,2633,2600,2582,2689,2628,2844,2611,2600,2520,2567,2524,2389,2481,2392,2566
2718,2718,2785,2770,2733,2638,2781,2591,2804,2714,2832,2749,2617,2663,2714,2670,2581,2595,2676,2584,2458,2536,2380,2436,2637
2757,2757,2794,2749,2837,2714,2637,2692,2528,2824,2639,2659,2638,2764,2674,2682,2604,2542,2661,2627,2536,2354,2459,2472,2618
2937,2937,2937,2815,2756,2739,2784,2650,2680,2633,2731,2577,2507,2697,2756,2727,2681,2594,2656,2642,2509,2565,2319,2418,2459
2766,2766,2774,2880,2757,2726,2709,2548,2631,2690,2692,2769,2508,2626,2677,2739,2716,2576,2677,2521,2432,2521,2501,2493,2508
2725,2725,2878,2763,2874,2850,2830,2743,2625,2669,2620,2606,2669,2663,2671,2663,2452,2676,2692,2546,2518,2467,2410,2386,2590
2892,2892,2811,2877,2735,2752,2802,2619,2725,2616,2735,2575,2612,2630,2659,2651,2621,2607,2769,2573,2444,2412,2488,2437,2433
2779,2779,2859,2714,2831,2775,2626,2614,2595,2643,2601,2643,2475,2543,2531,2568,2681,2665,2588,2602,2615,2397,2472,2355,2574
2810,2810,2807,2745,2734,2757,2756,2754,2634,2782,2670,2608,2511,2748,2661,2739,2599,2554,2695,2574,2558,2603,2597,2391,2507
2854,2854,2875,2785,2760,2621,2747,2657,2769,2703,2765,2604,2550,2665,2512,2650,2661,2528,2486,2575,2576,2545,2387,2405,2445
2786,2786,2838,2844,2729,2721,2657,2566,2670,2667,2578,2658,2582,2680,2700,2590,2661,2662,2565,2656,2504,2536,2482,2455,2462
2826,2826,2742,2721,2849,2930,2683,2860,2765,2693,2647,2574,2664,2824,2758,2602,2593,2686,2522,2693,2396,2467,2382,2423,2568
2778,2778,2918,2803,2743,2756,2751,2710,2743,2751,2624,2574,2555,2563,2703,2849,2621,2632,2675,2615,2637,2552,2353,2441,2531
2942,2942,2780,2907,2767,2708,2824,2720,2775,2688,2713,2633,2539,2609,2701,2602,2521,2664,2538,2383,2585,2367,2497,2370,2385
2783,2783,2815,2773,2926,2848,2802,2707,2747,2735,2656,2597,2569,2785,2695,2686,2675,2600,2501,2471,2480,2560,2487,2463,2494
2901,2901,2828,2775,2691,2805,2756,2696,2770,2636,2819,2545,2564,2688,2635,2661,2776,2497,2677,2504,2481,2529,2431,2458,2560
2805,2805,2775,2799,2649,2720,2694,2686,2622,2646,2635,2751,2477,2730,2597,2611,2438,2581,2605,2571,2564,2550,2471,2354,2412
2803,2803,2768,2708,2825,2756,2615,2913,2664,2715,2737,2584,2677,2676,2636,2608,2585,2506,2632,2558,2480,2606,2506,2413,2543
2726,2726,2699,2778,2816,2855,2755,2737,2774,2625,2830,2627,2571,2736,2674,2559,2530,2528,2641,2516,2526,2613,2358,2394,2484
2727,2727,2872,2673,2693,2713,2952,2701,2716,2553,2645,2739,2634,2691,2831,2753,2686,2606,2544,2502,2537,2486,2455,2378,2591
2679,2679,2869,2887,2877,2909,2674,2790,2619,2767,2654,2643,2606,2573,2554,2734,2647,2668,2562,2567,2382,2546,2465,2431,2582
2854,2854,2794,2837,2770,2718,2832,2737,2862,2755,2709,2611,2468,2715,2689,2629,2645,2610,2579,2400,2507,2505,2423,2394,2385
2980,2980,2740,2783,2829,2868,2692,2734,2749,2689,2739,2710,2597,2645,2661,2624,2595,2516,2567,2475,2681,2477,2467,2422,2529
2796,2796,2894,2788,2796,2717,2746,2856,2696,2659,2574,2562,2637,2642,2606,2623,2668,2515,2596,2525,2570,2477,2477,2407,2435
2845,2845,2895,2893,2787,2724,2759,2691,2671,2625,2693,2605,2657,2649,2789,2592,2547,2680,2513,2565,2489,2431,2492,2427,2473
2799,2799,2836,2773,2803,2838,2837,2763,2639,2673,2633,2642,2579,2754,2771,2717,2647,2543,2700,2551,2548,2446,2394,2523,2490
2768,2768,2818,2853,2736,2779,2735,2765,2677,2632,2629,2582,2562,2683,2681,2716,2520,2741,2544,2541,2678,2542,2421,2473,2443
2767,2767,2847,2733,2921,2926,2778,2798,2631,2633,2681,2629,2542,2641,2586,2662,2644,2604,2756,2468,2565,2495,2357,2285,2498
2789,2789,2886,2774,2803,2793,2632,2806,2674,2662,2720,2647,2615,2703,2643,2731,2562,2633,2722,2615,2496,2449,2540,2483,2540
2824,2824,2899,2820,2839,2816,2788,2795,2642,2701,2594,2637,2638,2722,2714,2605,2593,2567,2515,2365,2678,2450,2496,2468,2604
2940,2940,2765,2760,2824,2842,2888,2786,2704,2676,2733,2615,2524,2756,2512,2735,2572,2507,2536,2516,2513,2589,2343,2394,2546
2872,2872,2762,2820,2695,2684,2743,2695,2657,2725,2601,2750,2608,2654,2673,2607,2588,2602,2662,2543,2677,2515,2507,2403,2412
2880,2880,2692,2812,2713,2702,2829,2676,2697,2682,2612,2579,2553,2646,2732,2703,2634,2631,2636,2503,2495,2453,2517,2308,2559
2766,2766,2802,2711,2746,2734,2729,2701,2713,2710,2683,2780,2611,2718,2678,2771,2694,2637,2691,2529,2469,2389,2484,2464,2324
2716,2716,2900,2783,2762,2727,2749,2695,2745,2746,2727,2510,2579,2837,2735,2630,2649,2582,2680,2559,2516,2577,2483,2419,2592
2808,2808,2805,2841,2782,2742,2710,2675,2770,2697,2653,2539,2660,2756,2537,2714,2608,2618,2757,2425,2517,2530,2478,2409,2602
2747,2747,2798,2846,2853,2818,2679,2853,2731,2727,2590,2583,2579,2725,2657,2607,2558,2573,2757,2603,2554,2403,2437,2417,2491
2947,2947,2787,2796,2774,2711,2732,2562,2738,2645,2699,2659,2636,2676,2856,2723,2687,2641,2709,2549,2573,2434,2372,2516,2588
2801,2801,2894,2812,2881,2762,2723,2685,2681,2650,2481,2632,2778,2730,2740,2706,2757,2506,2603,2383,2638,2483,2478,2474,2492
2827,2827,2671,2902,2840,2783,2761,2708,2708,2675,2709,2575,2788,2870,2662,2894,2476,2741,2503,2620,2399,2601,2534,2338,2432
2882,2882,2759,2762,2841,2846,2630,2630,2706,2614,2725,2571,2628,2765,2903,2619,2621,2533,2670,2572,2433,2457,2521,2389,2502
2781,2781,2869,2666,2818,2765,2961,2820,2624,2754,2684,2617,2616,2608,2726,2712,2711,2568,2676,2548,2473,2538,2406,2486,2465
2773,2773,2865,2819,2753,2762,2715,2688,2754,2740,2794,2582,2575,2664,2670,2661,2695,2678,2536,2491,2510,2427,2486,2326,2609
2760,2760,2865,2830,2810,2787,2680,2771,2758,2778,2473,2618,2753,2621,2786,2609,2637,2571,2456,2494,2510,2479,2450,2485,2517
2782,2782,2857,2859,2720,2765,2837,2690,2821,2741,2687,2589,2639,2677,2698,2747,2648,2576,2733,2426,2502,2374,2442,2389,2698
2854,2854,2863,2807,2695,2799,2751,2667,2754,2675,2679,2741,2594,2708,2669,2614,2688,2552,2451,2492,2406,2511,2492,2482,2459
2758,2758,2848,2754,2812,2795,2626,2791,2753,2809,2613,2636,2645,2559,2776,2696,2669,2669,2614,2548,2628,2556,2408,2401,2538
2763,2763,2818,2811,2774,2646,2527,2718,2867,2700,2690,2492,2691,2759,2685,2752,2578,2586,2651,2542,2484,2459,2506,2496,2497
2725,2725,2867,2799,2753,2747,2729,2667,2745,2726,2693,2604,2499,2760,2674,2771,2596,2680,2558,2504,2558,2502,2375,2436,2472
2917,2917,2769,2831,2770,2756,2725,2519,2771,2568,2744,2683,2544,2790,2684,2699,2630,2666,2643,2466,2412,2477,2508,2479,2635
2828,2828,2911,2728,2803,2825,2774,2687,2650,2679,2662,2590,2636,2752,2726,2627,2692,2707,2709,2388,2464,2492,2398,2493,2605
2750,2750,2751,2801,2719,2736,2686,2753,2683,2675,2573,2730,2696,2769,2662,2803,2716,2601,2605,2481,2550,2500,2485,2395,2539
2878,2878,2701,2716,2721,2811,2758,2726,2713,2685,2591,2560,2586,2694,2784,2684,2666,2688,2768,2458,2629,2492,2406,2439,2486
2867,2867,2878,2733,2690,2846,2759,2680,2677,2596,2679,2538,2644,2587,2541,2782,2640,2655,2513,2572,2504,2485,2510,2509,2525
2698,2698,2798,2881,2797,2803,2780,2810,2637,2666,2613,2700,2672,2597,2657,2558,2632,2645,2646,2507,2538,2384,2518,2435,2481
2873,2873,2739,2784,2753,2731,2772,2763,2698,2587,2603,2551,2660,2659,2564,2650,2614,2588,2658,2675,2599,2430,2472,2504,2311
2756,2756,2801,2718,2775,2656,2747,2773,2594,2658,2580,2705,2571,2796,2759,2586,2560,2520,2661,2514,2546,2562,2420,2519,2492
2744,2744,2809,2632,2624,2650,2843,2714,2679,2659,2752,2558,2711,2552,2699,2746,2609,2467,2451,2670,2543,2698,2480,2574,2402
2851,2851,2791,2695,2695,2663,2692,2537,2667,2622,2605,2719,2513,2553,2629,2567,2466,2593,2533,2670,2518,2463,2419,2547,2555
2718,2718,2848,2874,2630,2823,2707,2836,2622,2704,2762,2590,2524,2649,2777,2656,2590,2637,2525,2573,2460,2556,2446,2532,2464
2812,2812,2892,2778,2852,2717,2494,2807,2635,2658,2683,2721,2503,2764,2690,2639,2646,2548,2569,2575,2530,2501,2429,2355,2378
2776,2776,2818,2798,2886,2825,2645,2711,2659,2580,2654,2664,2599,2558,2735,2655,2543,2452,2643,2514,2478,2477,2477,2320,2564
2792,2792,2776,2788,2748,2700,2784,2678,2660,2527,2582,2642,2721,2707,2692,2709,2676,2614,2831,2522,2494,2496,2456,2490,2509
2691,2691,2699,2690,2809,2793,2776,2683,2635,2619,2581,2570,2680,2669,2650,2613,2560,2573,2464,2729,2538,2588,2427,2369,2655
2747,2747,2817,2766,2834,2729,2846,2657,2759,2536,2726,2504,2590,2690,2562,2545,2639,2575,2526,2558,2520,2544,2513,2520,2553
2707,2707,2876,2804,2785,2695,2826,2747,2627,2695,2543,2695,2516,2600,2573,2521,2713,2771,2513,2534,2558,2358,2465,2456,2568
2722,2722,2659,2713,2641,2677,2633,2744,2773,2670,2724,2584,2598,2580,2624,2619,2575,2570,2550,2632,2476,2349,2530,2626,2614
2755,2755,2758,2643,2914,2861,2582,2770,2730,2757,2620,2745,2434,2703,2626,2575,2584,2757,2605,2579,2599,2424,2314,2482,2505
2899,2899,2676,2948,2689,2725,2801,2771,2712,2708,2741,2628,2742,2686,2632,2553,2527,2573,2561,2502,2430,2585,2398,2343,2535
2827,2827,2742,2676,2723,2709,2772,2724,2591,2681,2598,2692,2685,2928,2701,2658,2542,2575,2711,2668,2543,2461,2439,2547,2539
2821,2821,2881,2788,2764,2713,2655,2718,2695,2540,2657,2585,2616,2607,2716,2759,2517,2577,2610,2680,2700,2449,2491,2461,2567
2824,2824,2735,2799,2770,2712,2764,2536,2612,2720,2602,2602,2626,2733,2749,2777,2630,2612,2603,2556,2431,2391,2403,2433,2636
2842,2842,2851,2724,2813,2790,2663,2684,2683,2609,2726,2597,2553,2631,2653,2584,2593,2576,2575,2500,2597,2538,2354,2421,2396
2904,2904,2847,2793,2816,2847,2739,2786,2658,2617,2557,2736,2453,2560,2757,2728,2601,2634,2521,2563,2652,2541,2376,2334,2481
2714,2714,2920,2833,2847,2851,2844,2784,2589,2688,2614,2553,2495,2686,2577,2621,2827,2591,2591,2471,2626,2467,2412,2409,2459
2811,2811,2841,2749,2790,2651,2545,2734,2631,2700,2623,2605,2602,2645,2658,2511,2655,2687,2767,2386,2565,2415,2423,2445,2462
2750,2750,2814,2792,2854,2869,2800,2727,2815,2803,2761,2675,2496,2706,2604,2632,2648,2526,2557,2611,2461,2541,2530,2522,2425
2786,2786,2948,2776,2643,2695,2718,2656,2642,2805,2644,2670,2601,2634,2641,2628,2628,2470,2629,2527,2503,2427,2383,2460,2402
2738,2738,2758,2783,2953,2813,2658,2756,2706,2707,2620,2618,2605,2781,2608,2684,2596,2673,2652,2586,2494,2478,2449,2431,2508
2772,2772,2873,2740,2707,2711,2727,2804,2703,2619,2546,2629,2576,2705,2538,2734,2607,2592,2663,2654,2633,2594,2438,2396,2551
2871,2871,2884,2849,2915,2827,2778,2749,2801,2638,2785,2513,2631,2679,2557,2621,2632,2605,2555,2601,2496,2616,2486,2502,2522
2848,2848,2694,2805,2700,2828,2637,2795,2652,2745,2633,2737,2421,2606,2805,2660,2623,2612,2654,2519,2474,2444,2467,2399,2540
2830,2830,2742,2674,2785,2729,2727,2733,2716,2689,2684,2597,2668,2656,2642,2785,2639,2773,2535,2563,2534,2531,2389,2379,2391
2687,2687,2751,2758,2800,2779,2802,2651,2761,2568,2753,2555,2642,2600,2708,2565,2703,2711,2578,2512,2519,2474,2533,2477,2478
2730,2730,2791,2774,2790,2797,2689,2794,2667,2668,2602,2699,2649,2700,2667,2621,2649,2629,2717,2511,2497,2372,2402,2435,2483
2694,2694,2822,2663,2758,2761,2667,2722,2790,2643,2676,2568,2679,2737,2643,2627,2604,2577,2759,2615,2544,2559,2445,2545,2514
2770,2770,2781,2756,2675,2724,2811,2629,2709,2681,2549,2691,2601,2781,2627,2675,2757,2605,2705,2473,2535,2646,2461,2500,2440
2777,2777,2855,2685,2720,2652,2638,2725,2772,2684,2668,2588,2644,2738,2744,2688,2598,2655,2533,2482,2659,2346,2419,2569,2642
2779,2779,2692,2665,2765,2716,2619,2760,2711,2579,2662,2658,2586,2658,2702,2542,2605,2618,2680,2484,2505,2445,2447,2359,2440
2773,2773,2770,2783,2611,2539,2703,2665,2529,2604,2513,2581,2538,2507,2730,2672,2684,2553,2626,2576,2525,2425,2505,2387,2408
2854,2854,2932,2833,2660,2730,2684,2633,2668,2667,2678,2499,2526,2692,2608,2783,2505,2727,2581,2439,2511,2561,2400,2336,2465
2749,2749,2687,2855,2868,2690,2660,2682,2762,2627,2608,2656,2625,2754,2585,2542,2646,2686,2389,2559,2468,2498,2532,2464,2510
2835,2835,2740,2864,2851,2710,2811,2583,2654,2696,2618,2583,2658,2705,2714,2746,2593,2662,2730,2692,2461,2479,2357,2546,2437
2849,2849,2811,2704,2868,2753,2785,2703,2701,2640,2581,2602,2599,2656,2630,2780,2641,2587,2500,2443,2653,2497,2401,2349,2479
2779,2779,2898,2783,2834,2781,2787,2753,2611,2694,2680,2548,2504,2770,2723,2727,2623,2696,2609,2582,2468,2475,2480,2347,2486
2678,2678,2788,2831,2749,2639,2820,2757,2632,2598,2597,2646,2507,2719,2627,2581,2592,2470,2660,2524,2505,2531,2597,2485,2761
2866,2866,2711,2813,2681,2720,2673,2681,2709,2639,2730,2570,2598,2641,2618,2848,2736,2579,2712,2602,2500,2528,2368,2595,2536
2637,2637,2819,2904,2666,2877,2753,2728,2777,2799,2716,2702,2549,2646,2719,2715,2634,2441,2629,2500,2538,2528,2391,2295,2567
2660,2660,2787,2883,2749,2779,2717,2759,2736,2765,2714,2709,2541,2730,2568,2686,2496,2713,2492,2428,2497,2401,2413,2304,2463
2865,2865,2866,2640,2852,2672,2653,2762,2797,2687,2638,2742,2538,2618,2543,2629,2731,2526,2438,2687,2565,2556,2450,2531,2477
2806,2806,2839,2621,2776,2802,2814,2686,2678,2616,2636,2614,2554,2673,2768,2706,2601,2587,2555,2538,2415,2572,2478,2486,2460
2868,2868,2742,2888,2795,2751,2730,2666,2691,2704,2793,2626,2594,2681,2681,2594,2619,2472,2535,2472,2391,2416,2415,2451,2479
2944,2944,2831,2730,2831,2876,2628,2732,2668,2667,2578,2678,2550,2629,2687,2692,2558,2704,2699,2576,2520,2487,2425,2361,2581
2855,2855,2773,2888,2628,2823,2641,2816,2625,2642,2520,2690,2596,2585,2634,2632,2621,2625,2407,2515,2557,2469,2577,2473,2527
2725,2725,2829,2941,2901,2615,2856,2786,2703,2768,2620,2539,2617,2720,2589,2520,2523,2475,2703,2521,2516,2481,2351,2404,2535
2844,2844,2671,2820,2769,2778,2686,2718,2785,2567,2644,2614,2587,2655,2625,2581,2700,2593,2625,2570,2492,2536,2466,2542,2310
2916,2916,2817,2894,2792,2687,2775,2793,2602,2593,2648,2629,2606,2590,2684,2752,2671,2754,2580,2478,2429,2460,2448,2417,2492
2672,2672,2959,2892,2852,2815,2826,2563,2677,2637,2689,2668,2497,2654,2638,2570,2672,2662,2462,2453,2618,2424,2555,2397,2478
2735,2735,2776,2908,2676,2547,2642,2796,2749,2682,2690,2629,2701,2780,2695,2633,2716,2514,2840,2493,2357,2345,2464,2466,2542
2722,2722,2847,2727,2724,2712,2713,2644,2606,2712,2645,2627,2570,2672,2634,2655,2633,2642,2811,2465,2422,2394,2607,2407,2575
2744,2744,2742,2868,2622,2849,2695,2720,2823,2780,2707,2569,2589,2649,2695,2587,2620,2498,2614,2700,2459,2325,2384,2374,2621
2737,2737,2837,2751,2777,2693,2612,2765,2699,2707,2755,2675,2598,2718,2650,2615,2580,2648,2533,2519,2558,2495,2394,2533,2486
2866,2866,2797,2769,2864,2728,2597,2663,2678,2764,2699,2652,2653,2682,2558,2686,2605,2621,2715,2411,2464,2327,2431,2429,2439
2932,2932,2791,2642,2780,2789,2733,2611,2707,2680,2704,2580,2631,2806,2666,2646,2697,2586,2558,2547,2445,2498,2518,2471,2584
2868,2868,2850,2748,2759,2595,2697,2688,2656,2669,2532,2633,2652,2711,2542,2692,2646,2575,2594,2670,2460,2583,2396,2364,2582
2783,2783,2801,2884,2767,2722,2712,2709,2600,2671,2660,2562,2699,2916,2771,2709,2608,2599,2558,2543,2520,2402,2387,2517,2601
2887,2887,2813,2890,2715,2729,2849,2696,2700,2605,2711,2680,2783,2529,2657,2701,2555,2614,2586,2544,2451,2512,2395,2381,2354
2833,2833,2831,2683,2858,2776,2775,2680,2699,2608,2611,2679,2546,2851,2622,2672,2796,2752,2774,2496,2493,2467,2503,2447,2498
2727,2727,2841,2792,2690,2709,2727,2740,2725,2692,2697,2639,2577,2605,2817,2629,2580,2645,2585,2656,2447,2403,2411,2315,2469
2923,2923,2708,2716,2815,2717,2874,2729,2653,2468,2647,2654,2463,2790,2658,2693,2679,2572,2610,2655,2586,2465,2435,2402,2413
2954,2954,2699,2853,2884,2753,2672,2762,2706,2647,2601,2695,2683,2548,2606,2687,2678,2538,2463,2565,2493,2503,2447,2520,2423
2728,2728,2742,2881,2813,2782,2809,2744,2676,2712,2636,2627,2520,2691,2662,2712,2615,2675,2579,2513,2473,2470,2415,2426,2590
2899,2899,2841,2886,2749,2798,2862,2686,2784,2841,2597,2620,2563,2630,2740,2646,2513,2611,2497,2414,2665,2432,2284,2487,2439
2831,2831,2909,2813,2850,2727,2742,2700,2672,2645,2644,2605,2616,2543,2750,2698,2648,2623,2635,2570,2534,2456,2437,2461,2519
2760,2760,2744,2923,2772,2764,2839,2675,2655,2744,2673,2724,2639,2722,2722,2632,2615,2643,2667,2545,2482,2745,2346,2315,2600
2864,2864,2850,2818,2716,2685,2718,2803,2669,2713,2639,2594,2569,2621,2500,2620,2798,2684,2569,2457,2443,2449,2479,2428,2499
2849,2849,2870,2874,2721,2791,2719,2602,2679,2729,2716,2606,2671,2463,2627,2607,2664,2612,2714,2594,2453,2504,2512,2406,2598
2909,2909,2928,2663,2714,2817,2807,2756,2731,2652,2746,2798,2592,2737,2567,2654,2553,2575,2571,2554,2524,2457,2402,2348,2495
2898,2898,2784,2668,2806,2716,2703,2779,2718,2712,2712,2563,2581,2632,2831,2640,2623,2601,2625,2623,2564,2544,2509,2473,2507
2841,2841,2837,2800,2790,2794,2692,2731,2718,2655,2763,2535,2644,2602,2750,2749,2604,2498,2605,2612,2476,2500,2427,2509,2574
2792,2792,2756,2716,2871,2740,2738,2914,2804,2649,2725,2623,2618,2684,2673,2689,2583,2627,2595,2453,2527,2569,2507,2421,2396
2865,2865,2798,2715,2831,2858,2728,2665,2633,2659,2601,2772,2661,2903,2709,2687,2620,2599,2520,2706,2435,2526,2468,2471,2581
2753,2753,2852,2731,2906,2794,2786,2767,2761,2672,2790,2667,2533,2755,2794,2588,2678,2409,2497,2477,2583,2446,2403,2466,2486
2848,2848,2734,2724,2664,2807,2708,2667,2708,2770,2632,2718,2698,2863,2657,2646,2644,2593,2654,2569,2457,2440,2448,2356,2521
2773,2773,2730,2784,2771,2676,2793,2703,2716,2695,2673,2640,2701,2685,2879,2631,2648,2756,2530,2544,2543,2590,2539,2419,2612
2757,2757,2721,2838,2772,2773,2681,2694,2726,2707,2622,2676,2718,2705,2599,2538,2633,2583,2562,2552,2539,2461,2527,2278,2417
2820,2820,2852,2817,2711,2873,2719,2751,2580,2853,2557,2554,2604,2725,2568,2661,2620,2449,2633,2541,2575,2527,2487,2419,2560
2838,2838,2780,2758,2820,2874,2758,2634,2702,2681,2706,2590,2692,2561,2840,2671,2564,2593,2579,2559,2494,2463,2438,2375,2531
2721,2721,2777,2739,2770,2680,2671,2709,2681,2637,2726,2655,2542,2726,2697,2501,2603,2561,2577,2746,2632,2584,2394,2395,2457
2798,2798,2783,2761,2776,2861,2659,2678,2683,2601,2668,2743,2549,2530,2676,2716,2713,2715,2723,2612,2369,2400,2379,2460,2408
2806,2806,2817,2792,2750,2663,2738,2656,2699,2689,2577,2582,2618,2659,2460,2496,2668,2641,2534,2458,2592,2637,2531,2493,2384
2730,2730,2902,2786,2819,2774,2720,2768,2571,2706,2661,2598,2545,2764,2688,2658,2593,2633,2609,2447,2569,2458,2405,2438,2517
2830,2830,2685,2746,2753,2723,2707,2658,2611,2735,2706,2590,2560,2745,2614,2730,2763,2529,2546,2488,2610,2544,2442,2354,2611
2874,2874,2848,2730,2743,2754,2718,2697,2676,2699,2681,2664,2546,2659,2725,2682,2581,2560,2568,2469,2534,2416,2470,2398,2556
2842,2842,2865,2818,2760,2747,2699,2667,2722,2588,2621,2709,2549,2660,2648,2712,2859,2688,2507,2632,2472,2469,2467,2427,2482
2826,2826,2789,2769,2725,2744,2730,2607,2720,2653,2672,2625,2655,2865,2581,2677,2571,2614,2485,2571,2467,2644,2447,2399,2567
2767,2767,2859,2878,2709,2698,2719,2728,2735,2653,2677,2593,2609,2654,2698,2735,2656,2532,2729,2540,2365,2460,2510,2529,2562
2778,2778,2739,2916,2891,2841,2758,2682,2645,2728,2617,2703,2666,2587,2688,2649,2518,2641,2606,2686,2602,2480,2387,2514,2546
2873,2873,2787,2871,2612,2593,2676,2616,2769,2642,2684,2588,2641,2633,2665,2780,2675,2664,2694,2503,2552,2592,2459,2444,2549
2703,2703,2791,2811,2969,2910,2925,2641,2609,2636,2596,2737,2622,2748,2674,2800,2661,2620,2678,2382,2552,2532,2434,2469,2561
2735,2735,2732,2722,2785,2752,2723,2677,2731,2705,2621,2673,2576,2686,2639,2644,2688,2582,2659,2574,2640,2404,2359,2410,2473
2851,2851,2740,2686,2793,2771,2816,2876,2697,2655,2725,2676,2646,2733,2708,2593,2621,2713,2557,2511,2567,2504,2497,2523,2512
2739,2739,2753,2839,2803,2778,2826,2815,2637,2602,2519,2574,2608,2742,2780,2657,2642,2595,2672,2568,2503,2491,2441,2420,2451
2791,2791,2783,2867,2730,2675,2834,2697,2792,2750,2626,2636,2647,2763,2770,2621,2607,2578,2680,2605,2552,2528,2544,2443,2455
2965,2965,2760,2818,2864,2858,2753,2725,2762,2655,2636,2583,2606,2767,2661,2772,2527,2458,2602,2580,2461,2493,2387,2552,2626
2897,2897,2918,2691,2809,2772,2663,2760,2673,2740,2749,2670,2556,2670,2621,2703,2645,2602,2722,2412,2496,2577,2443,2439,2391
2845,2845,2822,2809,2778,2805,2749,2789,2746,2620,2583,2568,2562,2769,2743,2508,2619,2668,2613,2642,2487,2459,2558,2518,2519
2853,2853,2747,2856,2773,2735,2769,2636,2690,2703,2754,2809,2730,2650,2557,2589,2555,2703,2653,2615,2474,2566,2494,2543,2538
2834,2834,2802,2786,2840,2837,2718,2689,2741,2635,2629,2638,2558,2664,2697,2645,2628,2604,2640,2565,2556,2568,2555,2362,2533
2810,2810,2838,2794,2770,2749,2771,2727,2514,2604,2601,2627,2700,2660,2584,2624,2617,2651,2524,2529,2555,2426,2563,2504,2626
2879,2879,2690,2774,2849,2727,2743,2806,2574,2570,2598,2694,2599,2676,2590,2729,2551,2744,2445,2536,2556,2601,2445,2301,2536
2851,2851,2835,2759,2819,2844,2774,2647,2664,2747,2649,2575,2693,2560,2684,2675,2554,2646,2552,2562,2536,2460,2294,2398,2361
2808,2808,2847,2871,2692,2680,2725,2725,2644,2586,2618,2626,2647,2649,2737,2817,2540,2510,2647,2420,2586,2468,2534,2500,2481
2798,2798,2816,2905,2781,2657,2710,2695,2657,2678,2561,2750,2564,2588,2752,2581,2636,2644,2765,2594,2616,2585,2431,2514,2465
2706,2706,2734,2825,2725,2720,2751,2665,2670,2725,2655,2714,2604,2861,2561,2739,2610,2740,2659,2730,2497,2487,2587,2478,2513
2778,2778,2701,2778,2904,2893,2702,2739,2832,2638,2672,2618,2669,2663,2707,2555,2668,2593,2556,2552,2517,2553,2406,2376,2440
2755,2755,2901,2625,2769,2762,2771,2789,2742,2619,2560,2649,2653,2737,2730,2674,2746,2748,2691,2598,2376,2455,2345,2317,2615
2749,2749,2777,2801,2752,2706,2803,2880,2680,2883,2714,2809,2704,2717,2797,2599,2700,2596,2457,2495,2571,2442,2486,2397,2483
2825,2825,2754,2846,2701,2661,2773,2737,2749,2656,2689,2650,2595,2668,2625,2676,2653,2404,2577,2483,2494,2438,2445,2459,2428
2867,2867,2807,2684,2659,2617,2723,2750,2681,2604,2591,2684,2531,2738,2581,2566,2502,2665,2571,2649,2575,2454,2373,2500,2510
2878,2878,2860,2723,2748,2730,2595,2800,2615,2787,2515,2640,2847,2768,2640,2694,2593,2518,2594,2426,2624,2461,2514,2336,2558
2821,2821,2825,2753,2722,2710,2562,2754,2652,2798,2691,2706,2554,2681,2685,2599,2549,2495,2526,2595,2374,2522,2468,2373,2513
2736,2736,2730,2911,2798,2708,2733,2644,2714,2683,2706,2586,2635,2680,2757,2634,2613,2676,2483,2551,2588,2427,2445,2492,2545
2883,2883,2762,2798,2762,2741,2605,2673,2783,2627,2611,2588,2657,2602,2725,2598,2524,2800,2579,2436,2530,2392,2395,2511,2531
2767,2767,2802,2724,2773,2811,2707,2665,2739,2566,2667,2596,2641,2641,2713,2627,2651,2694,2651,2647,2604,2364,2439,2406,2592
2759,2759,2818,2705,2838,2844,2745,2680,2705,2668,2610,2528,2661,2679,2721,2617,2579,2490,2511,2458,2569,2442,2449,2349,2408
2702,2702,2858,2835,2844,2706,2793,2684,2648,2673,2614,2501,2735,2662,2695,2667,2649,2571,2547,2695,2464,2332,2668,2517,2443
2824,2824,2682,2738,2674,2665,2822,2664,2773,2531,2659,2664,2660,2696,2725,2677,2699,2575,2587,2494,2552,2366,2463,2553,2536
2694,2694,2765,2728,2739,2729,2676,2687,2644,2636,2536,2696,2567,2644,2719,2729,2553,2704,2680,2503,2424,2580,2503,2356,2406
2811,2811,2669,2912,2887,2766,2644,2680,2736,2694,2695,2579,2618,2661,2566,2722,2683,2657,2609,2502,2527,2342,2495,2364,2355
2827,2827,2823,2762,2721,2640,2628,2700,2680,2738,2676,2644,2666,2673,2644,2597,2614,2682,2571,2600,2482,2552,2482,2375,2630
2846,2846,2880,2764,2771,2819,2698,2710,2724,2790,2602,2620,2576,2803,2666,2702,2659,2598,2598,2625,2485,2449,2414,2502,2563
2983,2983,2803,2776,2678,2779,2630,2722,2725,2809,2690,2700,2627,2683,2674,2532,2677,2626,2603,2508,2541,2571,2379,2324,2526
2763,2763,2963,2887,2758,2709,2754,2730,2866,2625,2710,2649,2673,2655,2751,2682,2618,2574,2542,2462,2478,2475,2533,2364,2599
2677,2677,2769,2727,2709,2672,2833,2621,2617,2706,2643,2723,2551,2699,2761,2658,2565,2525,2495,2656,2530,2576,2511,2517,2452
2901,2901,2656,2867,2729,2716,2686,2792,2761,2807,2603,2564,2648,2549,2764,2692,2617,2609,2584,2442,2503,2535,2541,2447,2488
2756,2756,2910,2795,2819,2819,2702,2825,2713,2565,2579,2576,2555,2667,2603,2745,2712,2537,2604,2591,2555,2499,2445,2341,2366
2860,2860,2735,2801,2954,2865,2741,2625,2646,2699,2595,2598,2550,2694,2771,2767,2727,2551,2594,2574,2572,2546,2545,2467,2470
2774,2774,2865,2854,2797,2709,2833,2852,2672,2594,2781,2529,2606,2746,2631,2680,2690,2747,2658,2558,2546,2505,2377,2525,2526
2937,2937,2773,2888,2857,2826,2851,2654,2642,2755,2623,2567,2539,2756,2779,2663,2746,2567,2630,2584,2447,2450,2464,2493,2403
2771,2771,2940,2807,2801,2804,2755,2786,2644,2563,2647,2589,2570,2649,2688,2722,2712,2601,2520,2622,2461,2429,2530,2455,2382
2771,2771,2771,2736,2689,2740,2779,2639,2647,2684,2601,2592,2557,2721,2657,2753,2641,2580,2582,2409,2603,2513,2405,2468,2583
2803,2803,2780,2831,2830,2730,2746,2839,2687,2762,2598,2570,2565,2613,2630,2666,2546,2648,2581,2389,2445,2541,2423,2473,2365
2791,2791,2776,2831,2814,2792,2613,2844,2803,2664,2778,2699,2582,2554,2667,2698,2642,2634,2551,2556,2464,2494,2434,2586,2506
2734,2734,2795,2863,2769,2699,2693,2714,2650,2618,2571,2518,2643,2550,2644,2650,2712,2587,2693,2549,2424,2379,2400,2476,2532
2650,2650,2715,2666,2808,2764,2812,2748,2675,2740,2583,2728,2680,2564,2789,2693,2693,2507,2543,2596,2392,2527,2510,2495,2669
2676,2676,2758,2757,2737,2677,2640,2582,2751,2767,2671,2552,2685,2651,2751,2634,2665,2655,2554,2590,2576,2584,2557,2413,2460
2845,2845,2696,2795,2768,2785,2797,2669,2814,2621,2751,2607,2566,2586,2660,2690,2619,2577,2723,2661,2448,2630,2535,2427,2398
2855,2855,2841,2796,2789,2633,2628,2677,2618,2772,2538,2569,2553,2672,2686,2656,2612,2626,2487,2582,2474,2434,2482,2273,2468
2713,2713,2841,2809,2820,2833,2779,2600,2792,2709,2725,2621,2643,2672,2656,2619,2686,2652,2598,2623,2389,2507,2479,2329,2469
2853,2853,2749,2672,2665,2679,2588,2777,2768,2782,2663,2600,2622,2777,2715,2508,2657,2495,2558,2664,2465,2507,2437,2425,2440
2792,2792,2916,2868,2672,2687,2707,2733,2786,2659,2793,2703,2625,2722,2601,2696,2568,2733,2634,2475,2550,2463,2568,2490,2580
2827,2827,2758,2727,2746,2791,2634,2618,2630,2510,2625,2534,2577,2664,2725,2672,2486,2520,2501,2689,2458,2538,2413,2462,2626
2873,2873,2841,2801,2747,2838,2668,2761,2701,2594,2595,2659,2591,2664,2729,2591,2541,2597,2706,2424,2382,2637,2465,2356,2505
2789,2789,2911,2870,2891,2797,2734,2647,2707,2650,2768,2694,2674,2592,2753,2728,2795,2566,2560,2508,2605,2566,2459,2445,2360
2778,2778,2763,2798,2633,2696,2793,2591,2677,2676,2667,2600,2542,2711,2755,2685,2730,2500,2499,2440,2457,2462,2360,2480,2554
2621,2621,2772,2824,2763,2848,2755,2626,2610,2679,2505,2517,2541,2514,2637,2725,2548,2696,2608,2530,2496,2519,2533,2470,2638
2751,2751,2590,2734,2781,2763,2710,2762,2585,2648,2474,2644,2665,2718,2716,2692,2643,2730,2614,2441,2525,2600,2429,2386,2515
2713,2713,2739,2787,2770,2777,2833,2731,2621,2651,2664,2616,2614,2694,2696,2605,2659,2651,2629,2418,2531,2366,2379,2438,2485
2835,2835,2715,2769,2680,2689,2760,2732,2583,2688,2629,2567,2613,2597,2873,2635,2637,2556,2747,2498,2526,2439,2540,2524,2573
2896,2896,2841,2814,2833,2892,2733,2703,2572,2509,2550,2497,2612,2626,2601,2714,2643,2595,2703,2595,2483,2586,2462,2358,2591
2800,2800,2889,2826,2731,2695,2679,2803,2733,2808,2666,2547,2690,2714,2717,2811,2557,2584,2527,2534,2596,2392,2435,2447,2622
2706,2706,2786,2735,2647,2690,2732,2699,2723,2603,2871,2618,2558,2656,2474,2725,2626,2571,2554,2525,2552,2530,2463,2283,2496
2728,2728,2711,2694,2716,2684,2653,2711,2743,2659,2696,2626,2660,2743,2622,2625,2549,2626,2641,2479,2570,2558,2440,2375,2592
2865,2865,2696,2738,2824,2830,2685,2688,2801,2633,2715,2541,2592,2708,2751,2593,2510,2613,2519,2663,2488,2582,2367,2480,2542
2816,2816,2916,2680,2745,2832,2650,2661,2785,2710,2726,2642,2670,2601,2848,2616,2645,2555,2578,2556,2482,2480,2495,2492,2541
2818,2818,2750,2793,2714,2701,2669,2632,2734,2564,2676,2643,2698,2704,2728,2692,2701,2461,2781,2558,2468,2462,2370,2337,2496
2800,2800,2709,2751,2632,2595,2895,2594,2668,2694,2640,2585,2628,2594,2774,2852,2558,2593,2608,2510,2630,2424,2469,2465,2475
2822,2822,2822,2746,2701,2669,2660,2718,2750,2647,2681,2619,2651,2747,2636,2803,2660,2586,2578,2517,2558,2359,2704,2417,2510
2981,2981,2875,2743,2849,2806,2662,2738,2605,2681,2534,2698,2526,2719,2759,2708,2622,2529,2499,2448,2556,2485,2388,2400,2544
2903,2903,2870,2816,2700,2836,2648,2790,2709,2650,2634,2651,2579,2757,2760,2733,2657,2728,2589,2628,2511,2371,2312,2426,2541
2845,2845,2927,2739,2631,2674,2717,2671,2759,2716,2770,2607,2606,2770,2654,2719,2686,2544,2552,2566,2427,2469,2484,2467,2476
2791,2791,2899,2785,2779,2722,2750,2687,2780,2662,2694,2618,2623,2811,2675,2713,2484,2666,2614,2613,2512,2510,2521,2473,2421
2877,2877,2788,2866,2854,2823,2722,2640,2665,2659,2600,2676,2605,2555,2822,2636,2681,2566,2631,2569,2424,2397,2496,2372,2444
2790,2790,2861,2795,2840,2800,2733,2699,2678,2664,2645,2717,2479,2833,2758,2754,2520,2551,2596,2558,2456,2524,2549,2358,2514
2820,2820,2674,2833,2820,2822,2766,2700,2744,2627,2566,2598,2686,2716,2766,2786,2631,2434,2544,2536,2541,2592,2537,2457,2548
2792,2792,2769,2753,2850,2862,2723,2627,2581,2788,2640,2662,2686,2642,2664,2513,2689,2720,2507,2570,2436,2393,2519,2348,2515
2709,2709,2766,2878,2787,2800,2795,2753,2610,2554,2605,2497,2644,2661,2768,2861,2634,2627,2632,2547,2715,2388,2512,2447,2566
2862,2862,2733,2957,2768,2787,2791,2750,2644,2766,2667,2597,2553,2696,2632,2673,2680,2634,2700,2578,2505,2569,2464,2497,2401
2781,2781,2871,2834,2691,2685,2811,2696,2663,2635,2692,2694,2667,2539,2558,2708,2742,2469,2679,2517,2528,2525,2450,2407,2589
2819,2819,2721,2971,2788,2814,2775,2695,2562,2636,2746,2537,2521,2600,2666,2596,2620,2563,2631,2558,2583,2426,2335,2340,2493
2766,2766,2852,2739,2748,2680,2736,2743,2731,2631,2658,2643,2709,2668,2662,2642,2582,2650,2619,2503,2528,2472,2425,2478,2433
2831,2831,2734,2698,2764,2735,2754,2801,2554,2633,2537,2612,2504,2702,2595,2588,2583,2581,2580,2606,2446,2393,2485,2459,2481
2816,2816,2842,2852,2817,2818,2921,2701,2652,2711,2645,2527,2562,2632,2811,2768,2627,2641,2543,2599,2468,2512,2208,2390,2563
2868,2868,2861,2813,2762,2766,2752,2688,2696,2625,2635,2637,2652,2709,2575,2685,2629,2616,2673,2644,2547,2558,2298,2439,2479
2664,2664,2991,2865,2805,2804,2812,2727,2592,2613,2637,2728,2609,2623,2789,2731,2613,2655,2660,2512,2495,2391,2464,2410,2476
2901,2901,2692,2776,2883,2754,2780,2913,2666,2637,2570,2590,2573,2800,2726,2595,2464,2643,2555,2437,2669,2530,2374,2526,2516
2759,2759,2816,2759,2786,2756,2636,2732,2684,2616,2622,2537,2692,2582,2686,2745,2546,2434,2497,2442,2468,2424,2473,2471,2338
2814,2814,2779,2758,2895,2830,2618,2785,2581,2814,2674,2571,2545,2638,2597,2644,2623,2624,2538,2565,2429,2346,2497,2318,2494
2697,2697,2783,2842,2716,2729,2788,2792,2766,2613,2715,2736,2559,2616,2735,2687,2540,2562,2687,2433,2550,2498,2332,2353,2460
2783,2783,2731,2765,2882,2816,2791,2598,2736,2727,2695,2620,2452,2674,2628,2661,2549,2577,2579,2591,2460,2505,2561,2609,2502
2849,2849,2744,2776,2783,2729,2714,2634,2849,2650,2571,2634,2540,2642,2695,2715,2630,2609,2539,2404,2509,2488,2399,2416,2349
2737,2737,2840,2750,2790,2843,2679,2758,2622,2696,2645,2675,2639,2751,2619,2563,2672,2452,2647,2453,2449,2416,2552,2324,2502
2876,2876,2813,2763,2707,2731,2668,2683,2613,2687,2612,2716,2616,2619,2571,2625,2688,2535,2603,2433,2538,2541,2433,2474,2538
2749,2749,2807,2735,2901,2830,2774,2742,2633,2668,2603,2557,2551,2759,2666,2555,2632,2508,2676,2481,2547,2433,2460,2469,2576
2838,2838,2704,2861,2739,2714,2707,2755,2687,2684,2654,2801,2665,2740,2842,2639,2508,2636,2657,2506,2512,2490,2468,2505,2392
2737,2737,2782,2867,2800,2744,2640,2765,2749,2764,2819,2615,2549,2745,2697,2682,2610,2693,2637,2613,2615,2493,2367,2485,2547
2783,2783,2912,2778,2680,2728,2824,2887,2639,2504,2744,2702,2521,2618,2741,2806,2601,2550,2582,2581,2563,2381,2542,2594,2588
2714,2714,2910,2830,2747,2827,2797,2634,2493,2712,2534,2638,2513,2644,2732,2720,2620,2511,2567,2490,2594,2420,2534,2396,2424
2767,2767,2724,2734,2918,2821,2785,2642,2767,2724,2724,2753,2671,2694,2719,2680,2631,2620,2616,2542,2392,2479,2600,2406,2579
2790,2790,2788,2862,2706,2720,2662,2744,2625,2784,2568,2594,2599,2681,2566,2889,2485,2659,2631,2511,2536,2432,2514,2319,2636
2782,2782,2734,2688,2755,2732,2778,2709,2676,2686,2667,2743,2619,2635,2886,2662,2558,2616,2468,2524,2451,2607,2343,2441,2533
2788,2788,2772,2793,2740,2837,2752,2773,2688,2723,2688,2661,2467,2623,2631,2576,2681,2569,2645,2687,2457,2470,2495,2421,2574
2946,2946,2743,2834,2774,2781,2615,2693,2737,2729,2662,2613,2615,2695,2778,2764,2675,2580,2549,2533,2538,2596,2459,2390,2447
2822,2822,2854,2895,2718,2630,2707,2735,2755,2658,2605,2613,2699,2782,2641,2636,2780,2598,2560,2589,2538,2472,2445,2505,2535
2767,2767,2925,2899,2900,2758,2863,2740,2685,2654,2738,2636,2696,2670,2870,2766,2608,2597,2500,2613,2569,2523,2323,2519,2449
2941,2941,2795,2857,2781,2705,2735,2739,2677,2527,2637,2604,2642,2755,2642,2698,2657,2670,2718,2532,2420,2413,2473,2433,2433
2857,2857,2759,2709,2725,2756,2796,2788,2716,2632,2714,2598,2654,2545,2681,2829,2564,2719,2629,2474,2609,2430,2476,2479,2497
2835,2835,2744,2751,2877,2873,2840,2808,2651,2742,2744,2649,2667,2745,2695,2688,2698,2564,2598,2498,2493,2459,2383,2378,2538
2820,2820,2795,2730,2773,2920,2803,2666,2728,2704,2631,2574,2534,2661,2651,2650,2501,2600,2597,2605,2511,2459,2392,2292,2537
2703,2703,2880,2829,2758,2722,2658,2694,2706,2663,2760,2614,2616,2719,2668,2573,2649,2630,2669,2529,2612,2428,2564,2523,2447
2698,2698,2911,2808,2839,2708,2791,2776,2766,2631,2737,2687,2619,2646,2661,2720,2635,2594,2499,2526,2544,2416,2511,2350,2506
2773,2773,2791,2798,2846,2818,2768,2650,2629,2772,2598,2594,2666,2685,2684,2624,2649,2636,2591,2585,2589,2564,2431,2557,2523
2915,2915,2829,2790,2879,2848,2752,2645,2740,2627,2722,2599,2568,2627,2664,2635,2530,2610,2711,2483,2424,2489,2552,2433,2464
2649,2649,2811,2818,2790,2739,2682,2786,2710,2624,2579,2676,2606,2637,2718,2618,2713,2584,2686,2639,2528,2440,2462,2361,2484
2843,2843,2787,2749,2818,2771,2734,2672,2638,2734,2639,2772,2643,2804,2615,2592,2667,2599,2452,2550,2543,2497,2453,2430,2486
2762,2762,2828,2867,2722,2719,2681,2674,2619,2684,2765,2576,2560,2649,2776,2610,2741,2576,2650,2558,2568,2510,2410,2375,2612
2833,2833,2816,2723,2780,2621,2836,2646,2815,2570,2723,2587,2672,2659,2633,2629,2513,2611,2590,2558,2438,2537,2603,2459,2429
2795,2795,2784,2791,2736,2664,2606,2730,2660,2639,2679,2721,2694,2654,2667,2702,2669,2571,2635,2579,2561,2571,2464,2311,2401
2743,2743,2739,2766,2770,2798,2555,2618,2734,2829,2669,2716,2699,2575,2727,2612,2623,2624,2503,2547,2537,2441,2421,2490,2448
2822,2822,2853,2841,2809,2625,2814,2727,2890,2659,2715,2628,2664,2730,2698,2667,2615,2559,2523,2587,2541,2543,2281,2338,2468
2711,2711,2966,2717,2706,2867,2814,2901,2716,2653,2608,2664,2743,2659,2743,2609,2639,2580,2612,2526,2621,2431,2475,2398,2568
2748,2748,2662,2696,2751,2703,2568,2666,2641,2757,2642,2719,2624,2823,2648,2546,2663,2510,2500,2451,2517,2455,2454,2425,2653
2809,2809,2815,2702,2801,2757,2740,2699,2713,2565,2712,2593,2716,2625,2806,2762,2592,2609,2555,2531,2481,2564,2569,2474,2484
2886,2886,2794,2692,2715,2630,2630,2802,2599,2722,2571,2656,2664,2619,2581,2659,2607,2609,2526,2417,2517,2539,2472,2438,2432
2806,2806,2790,2706,2742,2768,2769,2648,2697,2572,2667,2718,2648,2774,2736,2542,2572,2585,2590,2476,2457,2390,2506,2381,2491
2830,2830,2771,2786,2766,2793,2807,2801,2579,2727,2557,2493,2641,2730,2701,2564,2651,2690,2639,2587,2539,2489,2540,2360,2561
2797,2797,2938,2865,2721,2746,2663,2780,2685,2435,2671,2642,2700,2735,2659,2719,2498,2626,2703,2556,2504,2543,2437,2424,2534
2803,2803,2785,2701,2775,2714,2852,2709,2538,2689,2438,2525,2621,2690,2718,2721,2690,2570,2472,2504,2584,2379,2599,2553,2462
2780,2780,2780,2892,2753,2800,2690,2620,2836,2575,2657,2660,2586,2597,2828,2650,2611,2674,2569,2385,2376,2522,2404,2578,2479
2854,2854,2894,2814,2914,2829,2766,2710,2654,2761,2518,2455,2613,2552,2612,2666,2680,2555,2590,2648,2542,2425,2541,2259,2434
2810,2810,2793,2822,2662,2743,2823,2760,2679,2665,2706,2628,2694,2539,2548,2846,2635,2497,2642,2489,2555,2512,2500,2468,2549
2745,2745,2779,2814,2838,2755,2832,2855,2712,2754,2589,2545,2556,2708,2499,2663,2581,2591,2614,2566,2539,2395,2479,2463,2499
2889,2889,2820,2766,2677,2666,2662,2699,2712,2675,2710,2668,2640,2695,2773,2537,2514,2710,2595,2466,2439,2475,2379,2407,2591
2745,2745,2782,2806,2736,2728,2725,2672,2709,2737,2646,2679,2635,2726,2671,2602,2753,2520,2655,2515,2494,2552,2535,2465,2579
2803,2803,2715,2760,2692,2661,2572,2819,2685,2657,2706,2696,2658,2630,2809,2834,2666,2517,2568,2627,2484,2502,2535,2468,2602
2799,2799,2861,2849,2875,2869,2763,2776,2617,2681,2628,2570,2561,2720,2624,2688,2703,2672,2623,2645,2462,2523,2509,2526,2501
2747,2747,2745,2823,2736,2692,2777,2925,2804,2692,2675,2546,2601,2620,2745,2764,2572,2615,2436,2565,2489,2509,2514,2402,2606
2746,2746,2839,2784,2684,2648,2843,2792,2722,2618,2679,2648,2602,2624,2763,2608,2482,2670,2499,2567,2425,2571,2398,2399,2615
2855,2855,2837,2826,2846,2809,2637,2662,2625,2712,2599,2550,2603,2755,2621,2664,2606,2629,2599,2541,2520,2594,2569,2436,2489
2661,2661,2831,2653,2784,2837,2742,2813,2722,2552,2686,2701,2641,2606,2763,2663,2619,2581,2678,2599,2434,2464,2415,2491,2508
2726,2726,2785,2785,2787,2873,2811,2678,2544,2656,2561,2604,2618,2680,2640,2680,2465,2606,2528,2507,2383,2544,2554,2407,2360
2853,2853,2850,2780,2866,2711,2737,2693,2709,2735,2667,2675,2571,2764,2562,2679,2748,2437,2650,2551,2645,2535,2426,2428,2691
2801,2801,2774,2711,2628,2607,2719,2727,2826,2691,2655,2621,2566,2779,2767,2695,2560,2482,2547,2509,2535,2520,2354,2449,2425
2786,2786,2804,2694,2856,2782,2754,2768,2707,2649,2674,2527,2545,2632,2629,2585,2596,2514,2747,2537,2611,2421,2379,2515,2522
2802,2802,2811,2778,2756,2757,2608,2777,2659,2591,2581,2633,2655,2655,2709,2767,2667,2448,2657,2505,2608,2289,2489,2498,2509
2827,2827,2894,2787,2714,2651,2697,2705,2708,2669,2709,2631,2676,2792,2684,2633,2591,2716,2505,2463,2499,2509,2516,2403,2448
2799,2799,2729,2739,2762,2781,2712,2737,2669,2614,2581,2724,2592,2634,2799,2682,2717,2586,2642,2533,2444,2487,2398,2437,2530
2772,2772,2809,2870,2703,2707,2737,2770,2653,2612,2729,2636,2628,2759,2535,2692,2637,2669,2710,2686,2511,2451,2433,2530,2487
2904,2904,2865,2742,2763,2761,2674,2603,2694,2671,2615,2620,2633,2737,2775,2707,2725,2568,2556,2557,2468,2550,2390,2284,2523
2805,2805,2818,2700,2914,2865,2709,2691,2703,2580,2683,2652,2649,2595,2770,2511,2614,2599,2512,2649,2468,2517,2505,2468,2515
2808,2808,2898,2845,2913,2798,2732,2779,2780,2728,2689,2676,2557,2625,2648,2754,2565,2647,2570,2667,2552,2582,2558,2464,2568
2897,2897,2799,2914,2728,2739,2702,2566,2636,2672,2661,2583,2641,2819,2725,2737,2641,2669,2621,2543,2509,2456,2497,2613,2590
2810,2810,2708,2849,2819,2801,2781,2780,2754,2587,2688,2680,2579,2573,2732,2581,2647,2630,2579,2389,2540,2439,2395,2430,2507
2708,2708,2667,2906,2771,2833,2791,2649,2728,2780,2601,2628,2600,2819,2674,2756,2682,2491,2528,2510,2591,2574,2397,2444,2418
2786,2786,2914,2818,2668,2704,2651,2787,2663,2556,2716,2580,2591,2635,2762,2697,2627,2453,2734,2587,2462,2518,2394,2386,2468
2876,2876,2771,2836,2870,2822,2774,2634,2594,2707,2657,2683,2536,2617,2690,2560,2543,2656,2453,2541,2612,2433,2516,2528,2548
2803,2803,2736,2850,2671,2702,2797,2714,2610,2713,2640,2642,2638,2725,2803,2634,2559,2635,2685,2502,2576,2415,2491,2496,2501
2802,2802,2886,2786,2682,2611,2734,2740,2789,2710,2802,2647,2519,2625,2655,2588,2674,2554,2454,2625,2586,2435,2504,2406,2494
2753,2753,2822,2815,2776,2788,2711,2741,2813,2627,2661,2681,2596,2613,2661,2797,2643,2570,2610,2556,2566,2445,2435,2438,2504
2860,2860,2845,2924,2802,2787,2735,2670,2681,2636,2691,2637,2588,2703,2656,2651,2667,2641,2498,2503,2525,2494,2505,2367,2616
2800,2800,2755,2688,2781,2790,2554,2768,2655,2588,2717,2692,2586,2752,2532,2558,2511,2509,2576,2644,2478,2477,2561,2486,2624
2767,2767,2838,2803,2749,2673,2849,2790,2796,2747,2679,2723,2571,2648,2613,2721,2545,2629,2656,2639,2464,2478,2373,2419,2654
2852,2852,2851,2808,2786,2814,2782,2735,2715,2626,2765,2561,2607,2689,2569,2526,2726,2504,2706,2588,2623,2509,2400,2339,2451
2830,2830,2672,2832,2770,2745,2743,2698,2684,2621,2650,2584,2745,2752,2695,2584,2493,2662,2499,2472,2477,2575,2421,2392,2626
2652,2652,2765,2783,2739,2766,2767,2753,2690,2618,2665,2674,2674,2737,2703,2750,2656,2781,2609,2536,2499,2422,2447,2395,2455
2826,2826,2859,2809,2698,2693,2799,2768,2661,2716,2682,2639,2633,2586,2810,2695,2599,2527,2709,2425,2531,2422,2439,2287,2551
2764,2764,2626,2798,2712,2741,2734,2804,2683,2708,2718,2621,2574,2656,2746,2678,2620,2623,2624,2655,2470,2497,2479,2480,2450
2765,2765,2839,2809,2807,2737,2703,2715,2712,2661,2699,2685,2698,2660,2785,2758,2690,2657,2728,2582,2407,2473,2484,2542,2533
2749,2749,2853,2856,2715,2701,2722,2703,2648,2735,2621,2610,2614,2774,2605,2738,2652,2599,2655,2427,2582,2573,2455,2482,2441
2775,2775,2892,2708,2703,2688,2724,2773,2778,2761,2706,2626,2596,2717,2568,2585,2688,2592,2597,2487,2622,2570,2372,2453,2467
2937,2937,2783,2674,2756,2792,2676,2684,2772,2653,2684,2585,2626,2612,2745,2552,2605,2711,2462,2555,2400,2544,2368,2358,2562
2698,2698,2798,2762,2579,2544,2809,2848,2698,2644,2728,2692,2604,2646,2755,2675,2595,2513,2644,2523,2446,2448,2480,2489,2462
2759,2759,2811,2851,2757,2749,2728,2777,2677,2585,2619,2639,2623,2644,2676,2777,2560,2590,2551,2568,2519,2433,2445,2499,2486
2772,2772,2819,2864,2844,2844,2696,2766,2611,2716,2652,2695,2522,2681,2643,2662,2665,2551,2675,2666,2493,2515,2281,2512,2522
2762,2762,2783,2869,2823,2736,2709,2738,2742,2680,2572,2582,2558,2662,2563,2618,2669,2682,2697,2578,2603,2512,2499,2381,2438
2779,2779,2652,2733,2779,2772,2820,2732,2760,2610,2607,2595,2635,2685,2623,2648,2421,2693,2675,2587,2515,2625,2440,2480,2501
2802,2802,2830,2844,2767,2745,2592,2739,2642,2679,2670,2608,2666,2735,2728,2709,2667,2537,2682,2579,2591,2524,2406,2531,2415
2870,2870,2920,2877,2763,2753,2779,2882,2782,2526,2637,2597,2518,2750,2609,2620,2651,2563,2623,2648,2643,2555,2366,2467,2369
2748,2748,2901,2713,2816,2678,2696,2674,2620,2713,2584,2643,2584,2776,2727,2749,2662,2544,2581,2561,2481,2384,2355,2481,2484
2669,2669,2919,2855,2750,2743,2845,2630,2537,2764,2478,2615,2669,2743,2651,2684,2642,2523,2471,2596,2391,2475,2519,2420,2531
2806,2806,2751,2867,2716,2753,2732,2762,2778,2683,2756,2558,2673,2692,2665,2624,2595,2718,2511,2453,2614,2557,2472,2416,2535
2806,2806,2818,2781,2831,2844,2775,2814,2727,2611,2686,2500,2635,2580,2644,2561,2672,2670,2532,2573,2500,2532,2405,2433,2464
2847,2847,2746,2734,2849,2673,2683,2743,2615,2708,2591,2712,2564,2559,2815,2667,2607,2660,2645,2593,2421,2531,2429,2427,2573
2845,2845,2780,2832,2823,2865,2635,2684,2712,2735,2623,2667,2533,2666,2604,2646,2524,2724,2608,2662,2633,2484,2465,2460,2512
2937,2937,2761,2766,2836,2782,2747,2740,2747,2733,2581,2577,2622,2700,2577,2691,2581,2597,2540,2598,2601,2556,2485,2453,2551
2825,2825,2875,2828,2846,2728,2748,2661,2742,2639,2604,2665,2592,2632,2597,2657,2613,2588,2461,2590,2446,2524,2362,2346,2524
2781,2781,2811,2818,2894,2668,2767,2633,2665,2590,2648,2553,2565,2765,2708,2548,2594,2681,2502,2510,2570,2617,2446,2471,2501
2881,2881,2723,2745,2720,2636,2714,2804,2621,2639,2584,2569,2550,2610,2562,2617,2576,2585,2592,2455,2553,2575,2429,2447,2503
2794,2794,2795,2847,2687,2720,2813,2728,2637,2549,2644,2612,2616,2594,2638,2697,2697,2600,2557,2500,2484,2533,2483,2454,2623
2758,2758,2853,2778,2781,2735,2693,2707,2568,2808,2527,2569,2633,2755,2751,2550,2670,2528,2562,2557,2576,2441,2422,2396,2644
2818,2818,2655,2781,2765,2740,2679,2784,2804,2616,2801,2611,2570,2758,2688,2646,2569,2681,2637,2540,2425,2429,2474,2470,2611
2758,2758,2852,2865,2819,2817,2794,2727,2663,2755,2591,2566,2631,2545,2544,2684,2497,2709,2511,2598,2686,2409,2460,2522,2497
2809,2809,2666,2777,2808,2777,2736,2721,2658,2675,2733,2725,2694,2740,2714,2674,2569,2572,2494,2504,2640,2514,2427,2425,2519
2850,2850,2780,2845,2795,2787,2768,2700,2736,2661,2656,2563,2545,2677,2738,2581,2662,2590,2564,2570,2568,2527,2397,2424,2573
2894,2894,2806,2830,2756,2839,2884,2843,2733,2689,2645,2712,2596,2633,2649,2639,2582,2679,2619,2574,2395,2529,2472,2527,2420
2855,2855,2829,2801,2747,2775,2671,2709,2680,2544,2581,2684,2711,2672,2722,2823,2712,2581,2702,2499,2675,2573,2435,2426,2519
2777,2777,2689,2949,2903,2736,2729,2617,2593,2582,2572,2693,2540,2761,2701,2646,2594,2497,2615,2423,2474,2412,2442,2408,2700
2754,2754,2682,2840,2743,2772,2775,2800,2611,2559,2634,2528,2709,2685,2783,2659,2580,2595,2639,2573,2527,2410,2459,2489,2546
2855,2855,2744,2763,2780,2762,2550,2710,2592,2633,2670,2563,2691,2694,2746,2699,2597,2621,2453,2480,2540,2515,2436,2518,2538
2776,2776,2843,2718,2863,2743,2784,2792,2652,2686,2662,2665,2688,2685,2597,2722,2676,2586,2570,2499,2556,2506,2468,2479,2574
2886,2886,2815,2775,2744,2839,2745,2881,2782,2693,2654,2641,2658,2667,2658,2651,2676,2498,2539,2499,2501,2449,2409,2437,2452
2870,2870,2911,2908,2822,2772,2672,2813,2726,2684,2699,2638,2545,2866,2652,2704,2635,2555,2564,2551,2456,2471,2523,2517,2407
2816,2816,2643,2693,2707,2824,2818,2698,2688,2717,2660,2613,2622,2550,2647,2492,2675,2660,2529,2454,2629,2565,2355,2497,2416
2861,2861,2817,2701,2763,2699,2698,2716,2752,2653,2708,2688,2613,2761,2570,2548,2631,2656,2588,2582,2622,2495,2466,2405,2646
2904,2904,2879,2719,2768,2708,2739,2623,2732,2613,2638,2615,2637,2704,2638,2579,2626,2453,2527,2428,2497,2443,2455,2494,2420
2788,2788,2629,2712,2928,2844,2618,2646,2617,2632,2540,2619,2691,2748,2665,2524,2769,2593,2592,2474,2613,2437,2553,2344,2387
2857,2857,2832,2801,2734,2657,2796,2723,2672,2727,2631,2606,2751,2666,2662,2630,2621,2633,2453,2475,2330,2475,2416,2399,2593
2739,2739,2751,2796,2728,2807,2761,2816,2683,2642,2676,2553,2574,2615,2577,2625,2639,2721,2543,2522,2398,2477,2487,2539,2439
2760,2760,2951,2828,2738,2707,2808,2833,2720,2780,2516,2631,2579,2500,2588,2713,2609,2629,2602,2566,2567,2592,2493,2442,2488
2780,2780,2790,2694,2796,2774,2922,2715,2816,2627,2758,2650,2621,2574,2807,2693,2604,2578,2470,2482,2524,2554,2472,2441,2493
2859,2859,2705,2791,2791,2814,2657,2549,2672,2596,2680,2555,2488,2614,2739,2718,2697,2628,2544,2548,2455,2428,2293,2432,2550
2815,2815,2695,2779,2807,2871,2758,2779,2655,2580,2543,2676,2576,2696,2654,2694,2659,2723,2655,2606,2463,2396,2375,2422,2474
2767,2767,2923,2827,2746,2758,2762,2713,2586,2601,2515,2591,2603,2742,2596,2584,2760,2522,2652,2574,2415,2464,2480,2419,2395
2748,2748,2765,2778,2799,2698,2611,2782,2687,2665,2580,2507,2672,2603,2876,2678,2770,2542,2690,2498,2583,2537,2520,2463,2398
2828,2828,2701,2689,2766,2730,2682,2576,2723,2750,2705,2542,2671,2749,2596,2573,2613,2581,2556,2548,2437,2454,2393,2357,2514
2919,2919,2787,2846,2717,2780,2725,2687,2732,2848,2689,2569,2590,2681,2713,2822,2578,2724,2672,2482,2668,2488,2438,2422,2574
2829,2829,2852,2751,2855,2816,2888,2736,2861,2516,2678,2688,2558,2635,2615,2603,2720,2711,2519,2655,2460,2346,2446,2498,2600
2670,2670,2850,2751,2870,2709,2650,2801,2561,2788,2709,2622,2483,2779,2712,2549,2610,2701,2466,2481,2471,2399,2470,2335,2490
2764,2764,2802,2774,2739,2735,2675,2769,2802,2632,2543,2603,2589,2566,2716,2598,2638,2687,2625,2580,2681,2498,2584,2428,2652
2821,2821,2844,2783,2707,2704,2766,2694,2683,2580,2687,2728,2731,2634,2596,2727,2576,2606,2865,2481,2547,2447,2478,2486,2649
2785,2785,2705,2688,2728,2647,2735,2760,2515,2629,2715,2623,2663,2686,2683,2659,2717,2660,2514,2478,2540,2530,2386,2317,2450
2870,2870,2831,2832,2725,2807,2766,2728,2665,2685,2681,2681,2606,2706,2706,2634,2638,2701,2663,2565,2460,2431,2390,2536,2609
2760,2760,2816,2756,2801,2892,2683,2812,2700,2769,2735,2687,2667,2653,2661,2616,2574,2776,2648,2546,2377,2456,2445,2405,2564
2863,2863,2873,2864,2840,2789,2719,2699,2777,2673,2716,2626,2527,2526,2747,2635,2631,2673,2692,2617,2436,2501,2498,2333,2464
2800,2800,2728,2833,2680,2706,2777,2693,2657,2646,2676,2571,2539,2691,2670,2666,2642,2626,2577,2515,2590,2500,2535,2443,2490
2792,2792,2728,2817,2777,2713,2785,2723,2674,2708,2712,2736,2566,2647,2628,2755,2624,2652,2660,2497,2530,2508,2409,2380,2564
2759,2759,2805,2863,2687,2884,2720,2774,2686,2700,2585,2674,2697,2703,2790,2582,2651,2648,2583,2384,2491,2587,2461,2572,2444
2761,2761,2876,2769,2788,2811,2710,2680,2834,2770,2615,2594,2669,2737,2597,2685,2510,2668,2756,2556,2531,2521,2498,2419,2613
2817,2817,2773,2708,2827,2773,2621,2751,2726,2571,2644,2637,2584,2698,2519,2775,2664,2596,2572,2559,2574,2439,2422,2339,2690
2735,2735,2736,2890,2859,2875,2865,2758,2654,2684,2633,2566,2631,2704,2649,2768,2545,2701,2613,2596,2610,2525,2485,2371,2480
2811,2811,2831,2698,2841,2835,2750,2668,2670,2712,2647,2535,2555,2726,2699,2648,2682,2550,2612,2660,2550,2462,2606,2531,2470
2928,2928,2827,2737,2723,2700,2816,2687,2652,2792,2672,2624,2618,2691,2756,2799,2553,2505,2584,2520,2415,2475,2323,2528,2481
2808,2808,2831,2768,2758,2821,2699,2618,2829,2734,2743,2681,2624,2689,2524,2696,2538,2670,2618,2611,2431,2547,2552,2446,2504
2701,2701,2899,2766,2747,2741,2782,2794,2729,2612,2746,2568,2573,2627,2524,2767,2686,2576,2635,2644,2503,2507,2452,2403,2526
2816,2816,2740,2645,2761,2751,2780,2675,2645,2735,2607,2673,2672,2838,2521,2490,2753,2565,2612,2486,2539,2510,2438,2472,2529
2785,2785,2766,2791,2828,2742,2728,2694,2740,2666,2662,2673,2561,2637,2704,2515,2683,2785,2567,2466,2547,2432,2534,2516,2488
2802,2802,2800,2765,2753,2782,2692,2783,2675,2653,2617,2671,2619,2572,2763,2517,2674,2535,2452,2583,2416,2544,2451,2351,2504
2791,2791,2757,2769,2758,2761,2618,2631,2727,2617,2701,2649,2444,2630,2565,2697,2642,2603,2649,2478,2529,2391,2449,2340,2418
2833,2833,2783,2712,2697,2734,2769,2657,2735,2657,2662,2666,2609,2639,2650,2694,2654,2564,2506,2526,2536,2516,2422,2407,2564
2844,2844,2828,2715,2815,2794,2750,2692,2767,2735,2704,2579,2589,2705,2606,2612,2659,2641,2663,2493,2493,2468,2514,2443,2467
2775,2775,2727,2836,2717,2691,2656,2658,2700,2685,2715,2641,2599,2694,2682,2652,2706,2579,2591,2529,2530,2499,2484,2298,2590
2841,2841,2708,2763,2833,2721,2745,2694,2732,2709,2587,2704,2551,2749,2632,2503,2553,2601,2617,2529,2430,2463,2545,2524,2629
2747,2747,2859,2696,2730,2517,2679,2697,2682,2633,2543,2541,2635,2634,2593,2612,2534,2701,2612,2561,2524,2434,2394,2482,2581
2831,2831,2914,2718,2642,2744,2747,2730,2755,2639,2640,2644,2652,2687,2720,2698,2640,2605,2588,2506,2575,2409,2434,2449,2498
2791,2791,2759,2821,2768,2829,2764,2837,2697,2673,2601,2606,2432,2647,2722,2582,2698,2678,2517,2426,2482,2554,2352,2435,2755
2861,2861,2880,2804,2852,2871,2678,2799,2692,2652,2586,2537,2548,2557,2697,2684,2437,2534,2614,2426,2533,2428,2433,2498,2562
2846,2846,2827,2824,2711,2749,2750,2650,2708,2678,2651,2669,2511,2595,2692,2584,2697,2570,2505,2585,2600,2359,2521,2475,2442
2815,2815,2842,2769,2770,2770,2739,2645,2716,2527,2762,2506,2682,2677,2648,2653,2647,2550,2737,2603,2554,2516,2398,2414,2554
2773,2773,2731,2826,2706,2725,2775,2698,2561,2718,2737,2662,2508,2595,2603,2653,2745,2678,2605,2561,2621,2453,2386,2470,2371
2807,2807,2832,2885,2663,2748,2710,2738,2770,2570,2673,2521,2536,2565,2694,2664,2577,2563,2523,2443,2687,2434,2480,2390,2423
2805,2805,2761,2817,2805,2699,2712,2679,2541,2614,2665,2710,2640,2688,2703,2654,2628,2524,2579,2607,2515,2465,2442,2366,2547
2791,2791,2767,2656,2739,2666,2676,2643,2633,2580,2669,2669,2498,2616,2737,2644,2677,2671,2604,2384,2616,2540,2384,2426,2477
2598,2598,2789,2782,2836,2686,2700,2722,2594,2690,2577,2595,2641,2755,2719,2671,2582,2574,2519,2651,2426,2436,2517,2350,2626
2865,2865,2736,2850,2726,2793,2789,2645,2718,2719,2707,2641,2550,2660,2647,2625,2659,2599,2708,2436,2554,2422,2381,2392,2468
2799,2799,2670,2659,2753,2803,2649,2692,2692,2750,2610,2697,2718,2704,2713,2581,2593,2544,2467,2520,2485,2607,2475,2445,2401
2696,2696,2907,2786,2784,2813,2741,2760,2750,2546,2552,2594,2577,2609,2780,2726,2618,2505,2627,2588,2490,2602,2402,2537,2356
2678,2678,2863,2732,2724,2600,2666,2701,2583,2594,2609,2593,2677,2692,2696,2742,2512,2685,2522,2457,2431,2590,2453,2355,2286
2859,2859,2693,2832,2830,2760,2695,2796,2583,2709,2579,2610,2694,2655,2687,2658,2679,2569,2504,2607,2616,2532,2510,2398,2553
2818,2818,2695,2957,2771,2686,2598,2811,2642,2783,2575,2704,2532,2761,2654,2703,2654,2601,2567,2544,2518,2572,2387,2471,2405
2863,2863,2890,2733,2745,2738,2754,2766,2650,2635,2593,2544,2528,2587,2692,2677,2619,2642,2570,2522,2481,2477,2438,2437,2605
2818,2818,2811,2765,2887,2677,2642,2720,2686,2681,2547,2599,2590,2630,2665,2651,2536,2537,2490,2541,2563,2375,2380,2422,2514
2811,2811,2823,2750,2699,2721,2785,2850,2707,2663,2645,2682,2661,2766,2667,2692,2665,2556,2564,2531,2438,2459,2486,2454,2478
2708,2708,2857,2815,2861,2897,2779,2646,2640,2630,2602,2647,2514,2794,2620,2625,2713,2446,2657,2617,2521,2357,2449,2365,2502
2850,2850,2801,2927,2765,2753,2817,2697,2739,2746,2650,2665,2496,2646,2752,2708,2603,2580,2589,2465,2502,2629,2488,2427,2675
2784,2784,2597,2747,2652,2658,2719,2717,2765,2568,2639,2624,2611,2515,2632,2563,2594,2589,2617,2485,2566,2406,2472,2420,2554
2816,2816,2907,2713,2730,2696,2859,2656,2616,2625,2670,2681,2548,2663,2679,2754,2615,2643,2686,2578,2520,2508,2476,2415,2579
2776,2776,2814,2949,2832,2710,2671,2610,2621,2859,2612,2600,2708,2619,2527,2598,2556,2658,2607,2501,2653,2502,2497,2544,2503
2781,2781,2840,2791,2811,2877,2689,2734,2732,2712,2598,2632,2653,2757,2675,2785,2566,2559,2618,2629,2530,2483,2428,2514,2510
2845,2845,2690,2708,2813,2647,2771,2638,2759,2688,2563,2672,2559,2597,2568,2532,2495,2545,2653,2540,2606,2452,2424,2389,2520
2867,2867,2815,2676,2712,2821,2753,2744,2744,2680,2527,2673,2634,2608,2702,2669,2689,2602,2420,2529,2557,2333,2417,2397,2547
2830,2830,2855,2797,2932,2658,2820,2773,2653,2716,2587,2677,2642,2661,2772,2564,2719,2552,2711,2509,2447,2581,2475,2480,2477
2866,2866,2813,2886,2779,2809,2816,2633,2736,2705,2737,2603,2550,2561,2637,2600,2783,2590,2627,2602,2553,2592,2470,2475,2483
2827,2827,2820,2744,2696,2747,2631,2744,2679,2675,2612,2632,2521,2706,2696,2744,2607,2529,2624,2573,2559,2411,2477,2536,2506
2839,2839,2868,2758,2735,2791,2878,2722,2697,2641,2744,2606,2662,2697,2628,2539,2690,2648,2638,2559,2497,2561,2469,2556,2458
2864,2864,2847,2738,2716,2734,2647,2804,2701,2515,2692,2669,2556,2646,2621,2662,2564,2529,2600,2613,2405,2395,2497,2452,2484
2896,2896,2855,2788,2662,2764,2670,2782,2508,2661,2595,2699,2632,2856,2567,2629,2520,2599,2564,2575,2579,2652,2380,2361,2562
2862,2862,2842,2785,2693,2817,2706,2639,2662,2766,2631,2646,2578,2636,2651,2624,2511,2563,2574,2593,2357,2569,2495,2479,2544
2829,2829,2802,2898,2784,2878,2708,2806,2742,2671,2642,2597,2515,2561,2716,2599,2588,2650,2630,2549,2618,2475,2453,2532,2534
2812,2812,2843,2770,2817,2779,2635,2761,2702,2628,2664,2641,2484,2735,2632,2596,2565,2469,2602,2435,2436,2369,2431,2487,2610
2808,2808,2820,2892,2830,2772,2679,2624,2654,2616,2609,2607,2629,2760,2633,2752,2598,2704,2655,2537,2403,2481,2367,2545,2591
2775,2775,2806,2776,2787,2831,2706,2631,2656,2685,2663,2679,2697,2756,2632,2512,2564,2573,2678,2584,2440,2613,2555,2450,2559
2811,2811,2863,2769,2728,2844,2719,2665,2725,2740,2660,2602,2630,2790,2699,2627,2801,2504,2563,2575,2412,2517,2459,2397,2313
2747,2747,2756,2974,2735,2729,2723,2705,2771,2645,2727,2666,2540,2589,2642,2670,2726,2631,2554,2555,2530,2371,2385,2498,2560
2759,2759,2786,2780,2871,2902,2678,2655,2672,2610,2578,2638,2707,2706,2623,2786,2510,2570,2636,2493,2499,2459,2535,2485,2410
2910,2910,2759,2860,2801,2786,2769,2713,2597,2800,2697,2714,2550,2612,2692,2673,2663,2588,2619,2545,2559,2436,2460,2540,2608
2778,2778,2749,2930,2804,2799,2724,2743,2773,2679,2622,2585,2734,2786,2803,2668,2638,2618,2691,2446,2544,2561,2415,2419,2500
2824,2824,2889,2834,2734,2757,2774,2807,2754,2644,2671,2544,2638,2705,2672,2618,2655,2726,2473,2669,2599,2540,2527,2408,2389
2746,2746,2780,2751,2670,2760,2749,2703,2684,2623,2650,2674,2625,2702,2677,2743,2528,2558,2469,2629,2537,2396,2393,2604,2475
2817,2817,2723,2765,2803,2767,2782,2833,2654,2654,2622,2561,2539,2908,2749,2655,2685,2619,2527,2531,2435,2457,2491,2516,2526
2851,2851,2777,2800,2929,2804,2729,2699,2680,2697,2599,2526,2553,2631,2649,2683,2681,2697,2528,2570,2470,2516,2524,2393,2552
2817,2817,2759,2905,2855,2705,2640,2759,2665,2711,2793,2534,2549,2752,2754,2667,2638,2418,2729,2464,2620,2543,2452,2469,2394
2733,2733,2902,2771,2754,2743,2764,2712,2733,2706,2700,2531,2689,2564,2693,2686,2663,2486,2601,2598,2370,2409,2448,2441,2519
2674,2674,2959,2753,2755,2893,2881,2667,2725,2665,2618,2732,2695,2671,2595,2761,2805,2546,2617,2516,2542,2347,2387,2463,2687
2872,2872,2757,2764,2711,2766,2771,2768,2710,2739,2572,2571,2534,2716,2679,2653,2520,2488,2560,2593,2538,2585,2496,2380,2555
2758,2758,2683,2758,2872,2654,2751,2585,2780,2682,2655,2610,2723,2624,2665,2676,2589,2633,2481,2701,2574,2488,2462,2363,2559
2750,2750,2900,2770,2810,2716,2736,2848,2722,2646,2707,2667,2615,2658,2720,2626,2620,2588,2455,2615,2538,2521,2351,2438,2558
2777,2777,2717,2632,2644,2728,2756,2707,2681,2667,2605,2645,2696,2630,2748,2600,2819,2574,2496,2456,2472,2434,2508,2478,2558
2870,2870,2882,2873,2719,2867,2868,2753,2679,2662,2484,2691,2612,2631,2659,2682,2879,2497,2680,2534,2376,2401,2453,2582,2498
2778,2778,2732,2876,2697,2695,2621,2684,2650,2690,2592,2687,2735,2683,2648,2603,2656,2560,2696,2699,2552,2622,2480,2468,2564
2707,2707,2818,2743,2828,2715,2734,2721,2704,2697,2629,2591,2669,2730,2669,2474,2680,2551,2718,2519,2454,2454,2537,2458,2600
2687,2687,2953,2824,2724,2749,2784,2758,2681,2589,2788,2681,2720,2783,2598,2765,2635,2597,2599,2463,2554,2519,2518,2424,2495
2820,2820,2839,2751,2808,2911,2702,2724,2618,2738,2636,2589,2544,2616,2721,2766,2542,2617,2621,2534,2592,2401,2390,2430,2542
2880,2880,2657,2681,2800,2690,2708,2731,2788,2802,2661,2578,2517,2607,2754,2521,2630,2569,2567,2472,2643,2398,2450,2647,2489
2876,2876,2918,2796,2796,2787,2614,2790,2829,2724,2779,2630,2626,2637,2677,2799,2611,2652,2598,2561,2467,2459,2437,2420,2455
2675,2675,2894,2799,2847,2732,2806,2723,2736,2641,2622,2660,2626,2513,2624,2608,2704,2609,2549,2619,2530,2375,2316,2385,2501
2945,2945,2826,2797,2772,2820,2869,2697,2650,2800,2677,2547,2558,2639,2716,2561,2488,2643,2618,2405,2568,2545,2258,2513,2501
2911,2911,2748,2891,2788,2744,2806,2731,2833,2713,2727,2717,2648,2627,2705,2530,2504,2520,2588,2510,2398,2584,2513,2273,2576
2839,2839,2782,2883,2734,2728,2660,2534,2676,2685,2696,2689,2439,2715,2586,2593,2603,2556,2609,2524,2468,2462,2538,2435,2450
2899,2899,2917,2765,2753,2776,2680,2757,2749,2703,2548,2695,2608,2708,2636,2732,2579,2464,2597,2661,2441,2583,2668,2529,2440
2758,2758,2879,2792,2806,2782,2801,2733,2774,2739,2590,2580,2753,2771,2764,2727,2594,2684,2668,2536,2619,2548,2518,2348,2596
2806,2806,2737,2887,2869,2856,2723,2698,2769,2709,2736,2730,2722,2665,2693,2743,2636,2564,2502,2482,2575,2483,2328,2338,2522
2802,2802,2772,2773,2812,2793,2642,2637,2741,2702,2622,2605,2495,2603,2627,2615,2594,2710,2707,2505,2402,2537,2362,2306,2479
2625,2625,2785,2916,2778,2739,2719,2789,2733,2619,2624,2733,2458,2696,2789,2706,2744,2623,2589,2512,2405,2427,2460,2319,2571
2876,2876,2890,2717,2901,2769,2644,2813,2644,2696,2731,2616,2563,2846,2714,2735,2719,2525,2537,2464,2535,2566,2306,2485,2640
2714,2714,2674,2776,2825,2851,2784,2761,2696,2665,2708,2579,2629,2636,2827,2713,2631,2527,2637,2574,2610,2473,2340,2395,2539
2837,2837,2804,2879,2728,2709,2658,2770,2717,2718,2538,2834,2672,2686,2737,2731,2561,2596,2551,2552,2631,2400,2382,2372,2541
2819,2819,2793,2715,2945,2755,2763,2870,2737,2536,2593,2500,2524,2644,2705,2679,2580,2624,2556,2520,2561,2442,2501,2294,2641
2845,2845,2730,2873,2748,2841,2820,2846,2591,2606,2602,2767,2572,2721,2704,2582,2693,2529,2668,2632,2454,2540,2494,2378,2649
2934,2934,2891,2796,2784,2689,2655,2762,2668,2743,2597,2730,2601,2825,2709,2694,2643,2590,2571,2655,2552,2491,2401,2363,2517
2795,2795,2876,2851,2889,2861,2665,2617,2699,2667,2710,2607,2657,2734,2532,2679,2662,2635,2586,2540,2478,2481,2588,2487,2603
2819,2819,2959,2690,2682,2790,2762,2796,2773,2670,2607,2526,2568,2870,2596,2684,2613,2440,2536,2507,2410,2373,2557,2573,2560
2652,2652,2944,2731,2819,2676,2668,2793,2698,2770,2608,2535,2666,2712,2778,2698,2702,2463,2610,2480,2503,2569,2445,2361,2490
2922,2922,2888,2832,2752,2842,2747,2608,2846,2594,2539,2539,2671,2717,2472,2626,2665,2592,2556,2614,2586,2500,2595,2463,2583
2781,2781,2711,2836,2812,2769,2862,2603,2630,2604,2718,2680,2703,2748,2839,2838,2686,2693,2693,2669,2539,2594,2507,2580,2494
2930,2930,2766,2824,2611,2720,2680,2723,2663,2807,2644,2674,2480,2646,2651,2634,2532,2675,2584,2527,2624,2458,2363,2459,2512
2699,2699,2814,2740,2799,2733,2657,2632,2840,2815,2714,2740,2593,2575,2720,2592,2585,2500,2576,2437,2545,2587,2466,2472,2559
2680,2680,2805,2895,2866,2973,2769,2706,2741,2654,2776,2584,2682,2721,2659,2724,2562,2692,2588,2649,2565,2393,2556,2432,2524
2723,2723,2777,2781,2718,2807,2693,2777,2661,2728,2592,2617,2581,2807,2790,2777,2543,2632,2599,2612,2562,2544,2466,2491,2536
2814,2814,2718,2857,2773,2745,2767,2736,2740,2751,2637,2739,2634,2694,2719,2836,2680,2559,2607,2672,2519,2429,2491,2570,2607
2945,2945,2711,2604,2735,2778,2822,2811,2769,2582,2611,2791,2611,2668,2629,2629,2456,2498,2453,2525,2525,2508,2413,2387,2637
2796,2796,2734,2771,2835,2775,2773,2711,2577,2664,2575,2594,2639,2719,2696,2642,2700,2670,2627,2585,2538,2457,2497,2553,2461
2853,2853,2932,2698,2808,2785,2841,2766,2724,2577,2612,2681,2651,2680,2551,2716,2512,2594,2587,2572,2562,2432,2401,2265,2427
2796,2796,2731,2739,2862,2771,2804,2830,2570,2765,2718,2629,2610,2608,2722,2655,2627,2555,2665,2537,2428,2477,2385,2396,2563
2731,2731,2819,2792,2597,2909,2805,2759,2738,2689,2557,2619,2523,2770,2621,2569,2617,2621,2679,2589,2571,2574,2469,2380,2579
2773,2773,2818,2802,2783,2647,2669,2832,2716,2682,2694,2590,2530,2624,2766,2643,2633,2644,2595,2596,2464,2440,2431,2466,2585
2669,2669,2633,2748,2634,2712,2709,2636,2690,2836,2629,2504,2562,2708,2728,2612,2658,2583,2681,2502,2547,2506,2487,2463,2551
2682,2682,2723,2860,2772,2568,2721,2706,2853,2655,2664,2615,2553,2712,2763,2584,2545,2737,2562,2553,2516,2405,2532,2442,2521
2833,2833,2725,2734,2746,2721,2665,2464,2645,2869,2781,2613,2616,2746,2733,2677,2823,2579,2647,2615,2507,2509,2491,2551,2579
2899,2899,2695,2758,2727,2749,2756,2757,2860,2651,2658,2550,2683,2619,2730,2541,2609,2531,2671,2669,2608,2489,2356,2419,2589
2664,2664,2710,2891,2847,2680,2704,2713,2740,2741,2787,2732,2567,2747,2540,2554,2646,2769,2552,2414,2497,2442,2369,2460,2592
2865,2865,2852,2710,2805,2782,2719,2777,2760,2553,2535,2636,2685,2505,2747,2656,2579,2724,2646,2434,2454,2438,2308,2335,2675
2839,2839,2618,2692,2734,2702,2774,2582,2587,2671,2639,2624,2611,2663,2534,2769,2638,2606,2614,2421,2420,2462,2504,2497,2511
2895,2895,2942,2844,2826,2649,2693,2660,2711,2599,2506,2731,2614,2554,2619,2760,2633,2617,2532,2573,2611,2509,2593,2425,2454
2728,2728,2684,2640,2771,2734,2755,2509,2643,2566,2788,2621,2635,2708,2623,2582,2737,2655,2618,2577,2541,2465,2482,2496,2638
2821,2821,2838,2933,2685,2800,2806,2707,2611,2723,2672,2584,2694,2566,2614,2711,2665,2635,2578,2504,2519,2515,2511,2480,2505
2818,2818,2777,2815,2672,2693,2691,2715,2701,2653,2650,2639,2733,2759,2717,2688,2616,2809,2599,2538,2497,2392,2416,2509,2510
2831,2831,2785,2720,2929,2622,2744,2718,2590,2762,2532,2578,2599,2694,2674,2744,2657,2498,2639,2655,2461,2447,2436,2304,2532
2788,2788,2786,2748,2629,2751,2785,2559,2644,2673,2633,2529,2633,2750,2658,2608,2653,2559,2621,2549,2464,2473,2416,2427,2602
2798,2798,2794,2783,2890,2770,2675,2713,2600,2739,2463,2681,2569,2668,2728,2759,2696,2727,2522,2512,2513,2480,2460,2426,2500
2850,2850,2778,2689,2760,2849,2758,2745,2804,2595,2603,2585,2650,2593,2647,2818,2663,2637,2732,2482,2445,2469,2445,2537,2659
2899,2899,2777,2756,2771,2772,2789,2697,2636,2689,2712,2680,2492,2642,2696,2759,2674,2544,2510,2435,2559,2559,2452,2442,2556
2666,2666,2895,2765,2786,2818,2640,2656,2723,2639,2472,2658,2697,2635,2699,2634,2578,2547,2480,2560,2562,2562,2490,2416,2459
2768,2768,2901,2815,2875,2682,2922,2685,2648,2627,2564,2714,2607,2780,2658,2712,2559,2670,2631,2555,2573,2510,2496,2393,2560
2748,2748,2804,2875,2834,2678,2830,2613,2658,2508,2700,2645,2573,2768,2541,2605,2631,2536,2618,2473,2440,2593,2396,2414,2662
2756,2756,2695,2871,2697,2802,2692,2729,2537,2600,2544,2543,2517,2524,2769,2571,2557,2693,2739,2634,2612,2418,2481,2400,2550
2826,2826,2778,2607,2788,2819,2680,2625,2678,2624,2613,2653,2475,2682,2697,2554,2607,2568,2563,2425,2505,2533,2496,2430,2487
2838,2838,2799,2707,2832,2666,2698,2873,2644,2716,2659,2625,2637,2605,2695,2860,2691,2616,2640,2654,2518,2578,2537,2429,2414
2738,2738,2810,2805,2840,2814,2704,2603,2679,2555,2511,2576,2541,2681,2672,2514,2608,2721,2563,2627,2685,2447,2536,2434,2531
2834,2834,2903,2714,2730,2739,2701,2701,2605,2630,2663,2778,2591,2622,2689,2701,2587,2730,2657,2528,2609,2449,2488,2344,2363
2832,2832,2794,2801,2916,2842,2715,2670,2633,2873,2682,2737,2692,2596,2586,2614,2593,2724,2621,2520,2667,2557,2491,2460,2485
2803,2803,2876,2826,2763,2717,2802,2865,2887,2740,2518,2634,2565,2719,2722,2609,2578,2574,2621,2563,2681,2437,2474,2411,2607
2789,2789,2785,2745,2758,2699,2799,2706,2741,2701,2762,2521,2683,2617,2563,2700,2674,2530,2670,2440,2775,2634,2378,2468,2496
2834,2834,2738,2824,2730,2856,2672,2750,2713,2604,2591,2664,2568,2735,2723,2575,2610,2618,2503,2630,2428,2496,2419,2409,2542
2948,2948,2865,2762,2660,2821,2818,2638,2655,2703,2690,2522,2571,2692,2529,2550,2587,2602,2463,2578,2515,2588,2388,2512,2451
2681,2681,2817,2876,2821,2594,2700,2662,2743,2709,2637,2673,2541,2682,2681,2546,2738,2677,2504,2626,2535,2538,2576,2451,2400
2779,2779,2935,2989,2758,2702,2666,2690,2744,2694,2733,2572,2603,2679,2623,2505,2468,2562,2553,2559,2523,2462,2316,2415,2549
2915,2915,2691,2770,2871,2731,2751,2778,2734,2658,2613,2700,2563,2694,2574,2772,2587,2596,2622,2521,2523,2600,2427,2395,2510
2814,2814,2729,2896,2825,2655,2662,2741,2685,2592,2731,2585,2692,2599,2678,2573,2491,2596,2592,2743,2532,2523,2385,2477,2558
2786,2786,2746,2768,2814,2722,2820,2760,2627,2767,2623,2642,2616,2770,2643,2692,2710,2347,2553,2713,2507,2540,2479,2409,2573
2748,2748,2836,2845,2884,2840,2789,2656,2772,2576,2595,2647,2620,2573,2578,2532,2613,2679,2602,2606,2560,2542,2359,2449,2618
2788,2788,2688,2702,2690,2810,2802,2709,2674,2823,2638,2594,2726,2625,2797,2680,2676,2650,2581,2501,2325,2456,2441,2495,2457
2940,2940,2837,2805,2887,2778,2730,2666,2831,2698,2636,2616,2603,2635,2671,2590,2696,2571,2554,2603,2484,2436,2516,2423,2446
2785,2785,2712,2735,2751,2890,2589,2787,2657,2794,2767,2629,2581,2661,2662,2826,2681,2440,2590,2430,2571,2468,2452,2518,2496
2850,2850,2859,2851,2704,2767,2737,2705,2733,2752,2607,2626,2584,2742,2663,2729,2618,2579,2520,2368,2508,2403,2371,2465,2488
2893,2893,2795,2770,2746,2776,2759,2818,2739,2632,2531,2751,2503,2656,2751,2587,2661,2486,2580,2523,2582,2545,2409,2500,2553
2779,2779,2781,2878,2762,2730,2935,2675,2647,2664,2686,2688,2453,2545,2774,2643,2581,2551,2589,2476,2417,2431,2583,2454,2477
2991,2991,2708,2852,2677,2723,2665,2696,2680,2604,2742,2608,2620,2649,2711,2651,2587,2532,2630,2399,2456,2499,2310,2482,2550
2847,2847,2865,2880,2825,2815,2768,2844,2614,2656,2641,2604,2565,2766,2582,2811,2606,2653,2519,2541,2440,2351,2478,2537,2660
2884,2884,2985,2842,2774,2696,2742,2697,2696,2618,2651,2688,2701,2747,2582,2648,2667,2441,2437,2554,2641,2327,2406,2347,2389
2882,2882,2745,2706,2809,2774,2776,2758,2636,2697,2701,2649,2625,2771,2791,2521,2573,2548,2585,2577,2476,2450,2478,2411,2525
2852,2852,2798,2930,2876,2835,2718,2732,2708,2692,2579,2623,2617,2742,2690,2646,2581,2548,2669,2570,2406,2263,2449,2485,2532
2729,2729,2707,2739,2775,2692,2785,2741,2761,2745,2585,2629,2606,2654,2662,2671,2711,2606,2638,2504,2465,2437,2520,2423,2631
2808,2808,3017,2828,2733,2728,2796,2815,2797,2672,2663,2665,2642,2685,2641,2604,2608,2476,2529,2376,2476,2468,2564,2493,2565
2810,2810,2793,2745,2849,2890,2748,2691,2714,2707,2644,2649,2725,2654,2713,2754,2689,2524,2582,2467,2413,2493,2494,2298,2403
2643,2643,2798,2814,2948,2708,2768,2645,2755,2605,2729,2574,2636,2605,2760,2765,2691,2608,2668,2600,2621,2482,2348,2295,2520
2761,2761,2804,2741,2756,2949,2732,2705,2597,2710,2682,2704,2560,2657,2664,2711,2694,2555,2677,2557,2525,2474,2552,2409,2642
2861,2861,2774,2817,2757,2757,2797,2707,2755,2642,2744,2567,2663,2693,2616,2671,2544,2605,2524,2409,2510,2401,2465,2608,2473
2846,2846,2770,2821,2739,2852,2645,2760,2665,2682,2606,2669,2632,2539,2700,2683,2507,2585,2459,2502,2587,2443,2483,2519,2549
2877,2877,2812,2763,2912,2774,2754,2747,2656,2617,2698,2668,2471,2746,2469,2531,2703,2609,2646,2499,2529,2375,2439,2360,2485
2756,2756,2781,2923,2828,2839,2761,2758,2653,2783,2557,2669,2743,2611,2527,2739,2650,2536,2630,2633,2479,2643,2425,2417,2511
2640,2640,2674,2815,2804,2707,2796,2738,2725,2633,2695,2809,2653,2637,2603,2486,2704,2490,2582,2563,2483,2368,2530,2346,2507
2911,2911,2859,2758,2709,2811,2783,2850,2664,2636,2581,2654,2789,2711,2714,2504,2613,2646,2514,2478,2423,2448,2392,2450,2296
2826,2826,2708,2683,2696,2716,2849,2633,2626,2724,2673,2527,2663,2715,2704,2684,2674,2704,2549,2560,2516,2372,2411,2396,2552
2797,2797,2874,2809,2908,2609,2765,2871,2716,2657,2673,2721,2492,2529,2675,2591,2519,2452,2562,2604,2480,2419,2514,2502,2660
2878,2878,2724,2797,2795,2810,2800,2666,2732,2621,2626,2600,2719,2738,2706,2674,2640,2712,2556,2628,2681,2418,2423,2387,2598
2778,2778,2805,2866,2732,2728,2863,2784,2633,2679,2651,2704,2559,2856,2659,2644,2595,2662,2583,2564,2504,2428,2400,2512,2569
2805,2805,2834,2714,2828,2708,2780,2771,2631,2853,2721,2726,2592,2697,2537,2688,2651,2594,2613,2550,2499,2398,2373,2410,2457
2822,2822,2815,2782,2705,2691,2697,2676,2815,2607,2620,2613,2732,2631,2613,2674,2515,2539,2535,2345,2509,2438,2412,2470,2559
2871,2871,2809,2785,2605,2713,2717,2737,2646,2666,2790,2640,2648,2759,2761,2732,2563,2709,2608,2553,2526,2369,2496,2334,2696
2872,2872,2670,2714,2644,2604,2700,2636,2701,2587,2692,2694,2569,2613,2753,2790,2503,2633,2622,2588,2528,2634,2422,2418,2351
2852,2852,2890,2750,2882,2828,2782,2662,2695,2687,2760,2602,2653,2556,2832,2703,2648,2721,2667,2513,2410,2481,2389,2481,2447
2938,2938,2800,2645,2688,2711,2745,2748,2654,2760,2643,2714,2615,2695,2642,2542,2644,2662,2579,2499,2381,2489,2442,2523,2457
2777,2777,2713,2915,2823,2730,2726,2802,2726,2691,2639,2645,2552,2698,2800,2760,2666,2693,2782,2757,2528,2499,2357,2413,2539
2784,2784,2887,2711,2719,2756,2718,2718,2750,2663,2688,2691,2646,2688,2656,2693,2647,2642,2616,2460,2560,2562,2414,2361,2437
2776,2776,2779,2732,2780,2732,2782,2675,2725,2714,2644,2610,2678,2604,2689,2632,2734,2619,2690,2510,2442,2558,2297,2401,2497
2792,2792,2815,2902,2754,2725,2801,2735,2731,2624,2579,2648,2704,2603,2638,2729,2636,2695,2658,2490,2442,2442,2460,2441,2514
2797,2797,2850,2787,2675,2702,2607,2741,2557,2670,2702,2663,2514,2825,2626,2629,2681,2697,2601,2511,2662,2477,2579,2495,2388
2731,2731,2829,2820,2849,2880,2812,2698,2680,2686,2694,2584,2670,2650,2664,2578,2562,2626,2635,2457,2563,2448,2402,2474,2358
2761,2761,2834,2782,2806,2672,2710,2684,2790,2674,2584,2602,2502,2682,2846,2731,2569,2670,2616,2371,2520,2437,2524,2356,2493
2852,2852,2720,2896,2782,2754,2610,2773,2713,2641,2631,2669,2683,2578,2654,2709,2578,2589,2544,2532,2652,2471,2477,2463,2565
2764,2764,2729,2858,2569,2854,2722,2828,2708,2709,2621,2668,2585,2659,2656,2764,2630,2649,2657,2472,2560,2451,2354,2467,2479
2779,2779,2812,2670,2841,2674,2843,2687,2717,2646,2601,2619,2595,2580,2809,2697,2621,2630,2658,2511,2580,2663,2295,2535,2526
2728,2728,2693,2787,2847,2691,2649,2796,2609,2725,2650,2622,2516,2730,2653,2639,2636,2613,2527,2749,2483,2547,2364,2420,2330
2809,2809,2751,2809,2793,2792,2741,2881,2704,2707,2572,2680,2689,2753,2720,2773,2614,2663,2607,2669,2562,2520,2424,2408,2584
2806,2806,2724,2703,2786,2793,2757,2641,2713,2716,2672,2606,2603,2735,2729,2621,2769,2578,2625,2614,2537,2488,2380,2296,2764
2855,2855,2835,2793,2763,2808,2564,2753,2728,2648,2764,2505,2601,2735,2561,2562,2472,2644,2591,2626,2601,2435,2410,2419,2473
2879,2879,2773,2789,2851,2678,2702,2660,2688,2778,2679,2547,2618,2591,2508,2573,2633,2688,2594,2436,2492,2449,2391,2600,2440
2824,2824,2666,2812,2832,2759,2753,2707,2795,2596,2628,2654,2599,2718,2748,2596,2728,2459,2689,2553,2463,2504,2361,2503,2491
2816,2816,2815,2805,2771,2689,2790,2751,2631,2626,2621,2659,2599,2689,2619,2609,2605,2670,2523,2669,2472,2563,2495,2403,2389
2925,2925,2829,2930,2807,2765,2795,2672,2639,2674,2539,2710,2621,2648,2715,2653,2630,2618,2680,2507,2554,2596,2523,2379,2537
2736,2736,2766,2816,2827,2874,2791,2728,2692,2616,2548,2593,2548,2822,2647,2646,2580,2559,2737,2413,2512,2524,2454,2483,2472
2804,2804,2836,2882,2679,2726,2814,2773,2728,2625,2656,2503,2666,2599,2695,2630,2667,2589,2543,2525,2489,2520,2361,2542,2669
2815,2815,2845,2894,2753,2668,2758,2676,2755,2714,2677,2586,2626,2845,2577,2605,2724,2539,2715,2529,2599,2297,2454,2455,2568
2791,2791,2850,2889,2835,2843,2802,2708,2710,2600,2632,2576,2670,2780,2710,2625,2769,2759,2560,2676,2733,2437,2446,2348,2465
2892,2892,2768,2750,2621,2795,2753,2686,2632,2647,2599,2653,2617,2726,2805,2629,2638,2652,2597,2539,2309,2440,2361,2366,2554
2866,2866,2806,2842,2892,2759,2749,2746,2702,2909,2605,2600,2468,2626,2680,2639,2631,2551,2535,2506,2462,2412,2325,2406,2362
2930,2930,2876,2731,2717,2686,2713,2675,2704,2701,2797,2609,2566,2740,2620,2700,2575,2571,2544,2541,2682,2473,2369,2502,2441
2724,2724,2910,2765,2823,2823,2861,2700,2755,2786,2682,2745,2578,2747,2637,2576,2594,2676,2535,2669,2530,2418,2461,2367,2410
2847,2847,2721,2869,2865,2786,2676,2798,2748,2722,2816,2537,2708,2653,2638,2545,2652,2557,2503,2577,2391,2535,2573,2405,2496
2664,2664,2800,2849,2671,2874,2787,2746,2722,2680,2711,2751,2562,2725,2680,2598,2682,2561,2494,2573,2467,2418,2412,2346,2397
2805,2805,2899,2668,2765,2826,2716,2612,2637,2563,2659,2581,2573,2696,2561,2679,2487,2628,2593,2553,2454,2538,2473,2476,2490
2732,2732,2753,2721,2827,2657,2761,2845,2665,2740,2647,2729,2731,2605,2874,2607,2637,2707,2721,2491,2523,2533,2294,2474,2588
2845,2845,2868,2834,2765,2698,2728,2734,2630,2656,2723,2635,2564,2769,2637,2690,2712,2586,2660,2594,2523,2526,2432,2424,2513
2722,2722,2692,2808,2833,2775,2785,2729,2662,2632,2677,2582,2729,2639,2686,2756,2673,2629,2716,2623,2472,2503,2420,2469,2428
2891,2891,2866,2820,2834,2672,2727,2718,2696,2556,2606,2572,2541,2580,2636,2613,2668,2532,2568,2499,2448,2448,2416,2468,2509
2882,2882,2766,2726,2799,2772,2566,2616,2485,2640,2633,2711,2742,2711,2608,2635,2631,2607,2482,2498,2510,2418,2498,2495,2420
2742,2742,2754,2842,2696,2629,2722,2671,2698,2757,2585,2656,2589,2505,2679,2601,2563,2598,2592,2533,2462,2476,2476,2518,2517
2735,2735,2844,2717,2855,2806,2787,2766,2837,2627,2645,2572,2549,2772,2610,2646,2708,2669,2610,2627,2498,2580,2356,2405,2573
2826,2826,2770,2759,2617,2714,2596,2533,2636,2758,2644,2625,2560,2819,2679,2620,2711,2662,2507,2469,2555,2414,2397,2431,2322
2913,2913,2790,2847,2834,2924,2775,2649,2784,2673,2667,2677,2723,2688,2602,2698,2653,2509,2595,2552,2496,2486,2448,2435,2541
2798,2798,2684,2807,2752,2886,2685,2741,2692,2521,2608,2561,2653,2627,2747,2718,2661,2586,2567,2507,2557,2543,2323,2413,2540
2907,2907,2936,2763,2805,2768,2713,2628,2662,2721,2638,2668,2516,2687,2769,2658,2638,2692,2494,2629,2446,2510,2468,2378,2548
2830,2830,2799,2695,2685,2737,2814,2775,2709,2600,2669,2640,2580,2727,2582,2618,2710,2707,2536,2705,2588,2394,2498,2472,2553
2642,2642,2738,2946,2710,2744,2728,2725,2667,2644,2674,2648,2675,2738,2744,2613,2684,2665,2587,2574,2656,2503,2477,2423,2466
2833,2833,2830,2761,2797,2768,2814,2764,2705,2650,2715,2615,2606,2742,2737,2556,2642,2656,2687,2706,2482,2388,2592,2471,2549
2873,2873,2761,2811,2743,2809,2800,2720,2630,2769,2685,2664,2624,2670,2779,2597,2650,2529,2486,2553,2489,2368,2458,2482,2620
2899,2899,2861,2869,2757,2746,2743,2741,2825,2805,2797,2696,2571,2584,2696,2562,2640,2583,2583,2458,2601,2495,2512,2320,2537
2820,2820,2765,2743,2751,2733,2685,2582,2724,2785,2588,2676,2640,2745,2714,2508,2580,2678,2594,2412,2568,2601,2418,2571,2377
2860,2860,2972,2745,2906,2709,2662,2793,2892,2722,2661,2694,2655,2617,2689,2653,2715,2539,2623,2552,2495,2626,2379,2392,2583
2826,2826,2787,2793,2726,2755,2699,2638,2791,2514,2755,2838,2584,2642,2658,2689,2677,2571,2653,2699,2528,2401,2471,2466,2550
2930,2930,2705,2892,2824,2856,2762,2740,2601,2776,2631,2528,2783,2613,2601,2631,2669,2505,2583,2531,2493,2358,2468,2364,2507
2810,2810,2733,2893,2623,2703,2714,2732,2753,2616,2772,2644,2644,2766,2605,2774,2677,2756,2532,2581,2528,2508,2433,2544,2571
2905,2905,2899,2682,2696,2822,2702,2711,2597,2702,2638,2770,2549,2574,2647,2684,2614,2601,2584,2453,2686,2490,2322,2452,2478
2858,2858,2781,2708,2711,2815,2682,2746,2790,2627,2667,2557,2606,2555,2579,2644,2579,2629,2499,2595,2625,2593,2476,2437,2530
2839,2839,2869,2899,2950,2852,2730,2650,2639,2790,2695,2751,2654,2754,2584,2756,2663,2619,2506,2592,2530,2562,2488,2368,2504
2781,2781,2653,2731,2885,2747,2759,2767,2761,2646,2661,2624,2668,2685,2735,2667,2524,2677,2650,2554,2552,2454,2435,2352,2597
2865,2865,2779,2885,2793,2825,2903,2601,2612,2627,2643,2633,2576,2740,2597,2636,2722,2608,2686,2570,2544,2538,2591,2440,2723
2860,2860,2737,2807,2729,2889,2781,2742,2629,2671,2711,2728,2597,2630,2581,2543,2690,2611,2608,2550,2502,2522,2442,2494,2575
2815,2815,2785,2789,2790,2675,2762,2800,2707,2687,2752,2590,2777,2818,2727,2572,2711,2529,2576,2701,2385,2598,2390,2401,2466
2814,2814,2829,2742,2828,2883,2707,2599,2727,2628,2763,2582,2566,2666,2617,2666,2706,2668,2572,2535,2481,2423,2274,2539,2458
2834,2834,2810,2780,2733,2757,2726,2829,2663,2658,2662,2707,2599,2689,2707,2699,2665,2533,2601,2622,2549,2467,2514,2338,2541
2740,2740,2894,2793,2808,2724,2790,2696,2703,2615,2528,2705,2647,2659,2617,2590,2606,2737,2615,2617,2563,2528,2372,2488,2500
2857,2857,2947,2808,2779,2753,2728,2708,2647,2744,2642,2689,2494,2773,2635,2646,2564,2649,2523,2726,2504,2496,2411,2568,2451
2798,2798,2830,2912,2764,2703,2938,2804,2755,2589,2611,2680,2698,2568,2677,2670,2560,2500,2662,2716,2427,2457,2635,2331,2668
2698,2698,2721,2932,2666,2696,2791,2709,2660,2705,2597,2528,2675,2719,2620,2732,2537,2602,2535,2608,2581,2568,2439,2412,2445
2842,2842,2830,2828,2693,2716,2724,2716,2720,2670,2697,2635,2476,2785,2723,2739,2626,2550,2689,2667,2535,2476,2566,2354,2510
2744,2744,2866,2809,2772,2776,2796,2782,2655,2744,2609,2607,2611,2638,2722,2734,2531,2600,2557,2487,2524,2411,2479,2505,2489
2811,2811,2872,2804,2802,2706,2652,2539,2768,2749,2588,2564,2496,2587,2555,2633,2574,2496,2537,2485,2476,2479,2588,2450,2521
2812,2812,2766,2860,2844,2758,2719,2828,2781,2692,2756,2680,2627,2701,2779,2521,2644,2740,2659,2454,2461,2472,2526,2430,2520
2848,2848,2733,2809,2882,2761,2687,2733,2730,2762,2653,2618,2524,2695,2706,2708,2604,2549,2533,2702,2625,2559,2479,2484,2537
2812,2812,2925,2762,2811,2807,2736,2713,2798,2666,2707,2617,2717,2753,2719,2659,2606,2680,2617,2648,2335,2402,2397,2489,2425
2836,2836,2640,2912,2674,2745,2692,2751,2789,2528,2598,2684,2682,2773,2762,2578,2628,2548,2487,2554,2595,2602,2570,2454,2488
2857,2857,2817,2954,2762,2812,2731,2647,2487,2748,2543,2627,2562,2598,2600,2675,2717,2498,2558,2659,2480,2560,2394,2357,2647
2873,2873,2899,2776,2775,2817,2766,2680,2769,2733,2605,2709,2686,2592,2713,2622,2622,2458,2476,2442,2406,2364,2563,2452,2477
2816,2816,2840,2720,2815,2701,2859,2672,2759,2584,2703,2646,2665,2705,2572,2501,2659,2653,2593,2457,2546,2565,2439,2479,2561
2788,2788,2928,2788,2743,2713,2660,2722,2665,2760,2636,2512,2619,2622,2707,2618,2640,2593,2539,2602,2506,2419,2413,2480,2576
2708,2708,2838,2733,2755,2780,2749,2689,2732,2590,2742,2599,2680,2557,2679,2593,2634,2720,2493,2521,2370,2469,2573,2341,2447
2856,2856,2822,2873,2929,2680,2731,2704,2620,2623,2629,2699,2548,2703,2741,2732,2661,2633,2646,2513,2488,2526,2519,2356,2545
2868,2868,2715,2813,2798,2888,2663,2770,2685,2607,2673,2541,2715,2639,2686,2647,2538,2546,2797,2575,2497,2552,2536,2441,2455
2667,2667,2903,2776,2728,2723,2687,2758,2643,2562,2518,2720,2715,2739,2743,2700,2635,2585,2571,2498,2573,2561,2409,2507,2572
2748,2748,2778,2745,2838,2759,2733,2773,2622,2661,2492,2573,2555,2666,2780,2624,2608,2540,2618,2456,2596,2404,2498,2455,2599
2840,2840,2825,2917,2722,2908,2764,2680,2701,2702,2645,2657,2771,2593,2730,2728,2708,2572,2576,2572,2455,2558,2520,2570,2538
2764,2764,2852,2789,2877,2790,2835,2790,2728,2697,2479,2511,2578,2796,2739,2687,2592,2583,2633,2490,2543,2600,2457,2453,2383
2742,2742,2709,2778,2869,2871,2774,2672,2807,2570,2730,2534,2622,2699,2638,2760,2719,2517,2563,2587,2428,2584,2385,2475,2481
2719,2719,2777,2813,2775,2721,2711,2646,2597,2666,2827,2585,2606,2665,2699,2660,2552,2787,2798,2518,2503,2411,2481,2436,2651
2675,2675,2797,2788,2776,2754,2639,2725,2629,2703,2741,2543,2624,2805,2824,2585,2607,2572,2602,2596,2652,2425,2399,2469,2445
2736,2736,2681,2842,2807,2723,2869,2720,2732,2626,2681,2719,2515,2704,2667,2610,2721,2613,2608,2469,2723,2537,2499,2465,2521
2884,2884,2793,2705,2843,2820,2743,2630,2678,2605,2708,2751,2466,2682,2702,2761,2584,2550,2634,2632,2502,2507,2514,2585,2495
2862,2862,2753,2629,2786,2836,2685,2693,2622,2721,2568,2725,2523,2633,2642,2626,2639,2609,2701,2563,2627,2374,2613,2399,2676
2945,2945,2712,2804,2861,2692,2791,2598,2752,2743,2687,2677,2647,2671,2637,2599,2702,2674,2618,2588,2525,2490,2335,2403,2518
2775,2775,2862,2835,2792,2612,2642,2752,2762,2649,2619,2630,2659,2679,2543,2733,2624,2623,2718,2563,2635,2414,2379,2621,2557
2878,2878,2915,2800,2814,2637,2776,2706,2688,2668,2695,2589,2572,2836,2715,2549,2633,2774,2598,2620,2449,2625,2420,2540,2586
2859,2859,2750,2775,2839,2691,2820,2730,2692,2632,2621,2674,2646,2827,2775,2582,2773,2572,2627,2479,2456,2488,2361,2438,2591
2972,2972,2850,2905,2608,2696,2748,2729,2600,2633,2689,2612,2608,2776,2586,2668,2504,2585,2716,2526,2522,2542,2451,2537,2438
2727,2727,2807,2733,2849,2792,2818,2686,2683,2666,2661,2572,2668,2703,2757,2819,2645,2609,2628,2586,2539,2427,2515,2398,2555
2838,2838,2940,2899,2808,2717,2719,2736,2630,2588,2655,2546,2583,2686,2603,2702,2703,2667,2662,2380,2631,2441,2371,2439,2495
2798,2798,2765,2822,2686,2706,2704,2802,2613,2722,2666,2688,2649,2668,2629,2626,2631,2521,2654,2515,2698,2501,2467,2434,2474
2901,2901,2879,2865,2809,2803,2720,2715,2787,2707,2625,2689,2603,2708,2564,2747,2675,2605,2676,2614,2408,2566,2495,2460,2474
2774,2774,2702,2789,2708,2882,2665,2757,2716,2625,2732,2618,2558,2743,2655,2749,2600,2651,2509,2587,2525,2576,2538,2492,2570
2842,2842,2919,2801,2790,2877,2727,2785,2660,2569,2653,2767,2631,2665,2678,2601,2658,2410,2703,2504,2533,2551,2435,2433,2323
2912,2912,2820,2707,2848,2744,2766,2676,2689,2738,2612,2640,2695,2697,2572,2542,2596,2662,2832,2516,2425,2410,2533,2454,2482
2723,2723,2833,2837,2663,2796,2731,2649,2706,2669,2612,2640,2591,2566,2585,2759,2664,2669,2501,2591,2653,2568,2458,2397,2403
2798,2798,2929,2838,2905,2622,2723,2721,2647,2608,2631,2590,2628,2726,2664,2775,2628,2523,2700,2683,2579,2532,2496,2436,2520
2766,2766,2637,2741,2817,2791,2770,2565,2688,2658,2692,2637,2652,2785,2597,2719,2735,2627,2755,2450,2592,2495,2320,2431,2500
2791,2791,2934,2834,2814,2659,2653,2771,2752,2668,2702,2648,2595,2767,2689,2772,2710,2664,2643,2623,2486,2438,2369,2473,2505
2783,2783,2715,2844,2760,2778,2784,2777,2746,2661,2684,2595,2767,2724,2623,2701,2547,2654,2682,2604,2558,2433,2456,2407,2674
2752,2752,2823,2863,2704,2633,2733,2694,2756,2667,2678,2584,2692,2795,2658,2698,2701,2627,2616,2548,2551,2478,2499,2411,2664
2799,2799,2772,2757,2775,2847,2860,2676,2680,2645,2768,2709,2535,2823,2781,2567,2573,2601,2651,2611,2356,2573,2388,2418,2493
2878,2878,2697,2744,2699,2814,2643,2636,2708,2714,2555,2646,2607,2579,2795,2778,2688,2663,2704,2500,2468,2437,2520,2488,2514
2743,2743,2656,2783,2767,2826,2820,2650,2761,2725,2537,2653,2571,2701,2749,2595,2679,2529,2704,2469,2508,2507,2515,2422,2704
2778,2778,2827,2662,2847,2815,2636,2733,2762,2892,2763,2706,2497,2666,2654,2678,2402,2563,2592,2449,2539,2499,2439,2429,2529
2666,2666,2733,2695,2809,2759,2782,2516,2740,2700,2637,2603,2651,2784,2740,2651,2486,2439,2522,2532,2569,2581,2434,2369,2481
2868,2868,2887,2695,2665,2812,2733,2710,2674,2639,2550,2587,2685,2674,2615,2659,2514,2671,2637,2598,2455,2458,2564,2445,2550
2911,2911,2666,2759,2741,2671,2697,2729,2710,2602,2718,2783,2567,2631,2631,2605,2530,2716,2611,2496,2643,2479,2425,2551,2444
2837,2837,2862,2783,2801,2765,2641,2842,2851,2705,2570,2675,2545,2668,2746,2681,2627,2668,2588,2560,2570,2464,2410,2400,2492
2827,2827,2856,2817,2747,2743,2895,2777,2657,2633,2646,2552,2594,2583,2702,2635,2606,2730,2413,2529,2394,2525,2445,2473,2494
2770,2770,2784,2810,2796,2720,2755,2762,2808,2645,2619,2626,2601,2695,2700,2600,2621,2719,2583,2355,2527,2484,2320,2455,2463
2793,2793,2785,2955,2651,2726,2636,2645,2716,2735,2529,2604,2604,2653,2788,2656,2804,2610,2663,2543,2524,2405,2448,2509,2373
2836,2836,2727,2718,2772,2742,2761,2713,2713,2606,2689,2691,2608,2602,2604,2627,2667,2478,2792,2609,2481,2370,2373,2407,2485
2736,2736,2810,2873,2818,2768,2889,2664,2548,2707,2731,2665,2559,2742,2637,2666,2671,2645,2741,2646,2483,2620,2391,2462,2462
2754,2754,2814,2687,2750,2659,2656,2779,2733,2680,2792,2563,2650,2614,2449,2655,2560,2607,2630,2690,2442,2472,2476,2448,2507
2880,2880,2840,2767,2743,2612,2556,2753,2694,2658,2567,2646,2615,2659,2731,2530,2671,2619,2560,2568,2553,2438,2448,2467,2357
2872,2872,2820,2740,2886,2662,2745,2800,2706,2633,2858,2690,2558,2669,2694,2498,2715,2648,2559,2511,2467,2432,2413,2519,2457
2780,2780,2770,2975,2776,2850,2729,2659,2671,2629,2636,2715,2663,2744,2750,2605,2600,2712,2588,2443,2558,2498,2371,2601,2438
2869,2869,2754,2743,2833,2727,2744,2701,2658,2738,2602,2572,2608,2740,2679,2522,2682,2562,2614,2587,2551,2471,2467,2382,2574
3015,3015,2809,2759,2676,2803,2761,2742,2754,2705,2737,2458,2524,2649,2656,2647,2577,2529,2615,2531,2550,2553,2417,2427,2530
2788,2788,2845,2828,2781,2692,2730,2694,2700,2720,2746,2668,2686,2703,2617,2656,2548,2632,2539,2549,2474,2456,2377,2414,2469
2797,2797,2870,2908,2806,2707,2712,2642,2758,2704,2618,2640,2618,2644,2716,2701,2788,2553,2631,2633,2565,2515,2362,2451,2653
2799,2799,2919,2815,2877,2851,2671,2705,2716,2734,2684,2666,2686,2606,2606,2670,2610,2368,2560,2536,2523,2504,2445,2399,2565
2711,2711,2763,2786,2701,2881,2852,2673,2729,2667,2615,2633,2643,2664,2772,2700,2562,2769,2513,2502,2480,2528,2456,2448,2340
2749,2749,2795,2914,2807,2694,2675,2702,2656,2628,2617,2601,2598,2655,2743,2711,2492,2534,2680,2572,2474,2435,2459,2405,2539
2833,2833,2832,2753,2865,2689,2644,2579,2664,2599,2661,2754,2607,2688,2603,2666,2673,2736,2539,2563,2588,2585,2560,2464,2562
2807,2807,2749,2731,2752,2776,2674,2823,2588,2625,2590,2613,2632,2647,2583,2635,2573,2562,2722,2686,2487,2465,2375,2458,2600
2685,2685,2814,2824,2931,2836,2781,2845,2644,2706,2740,2563,2604,2711,2715,2667,2638,2625,2767,2536,2436,2421,2510,2385,2576
2800,2800,2829,2837,2737,2731,2806,2772,2717,2634,2728,2574,2604,2739,2617,2622,2567,2569,2450,2467,2541,2435,2414,2467,2563
2684,2684,2675,2884,2783,2769,2739,2648,2724,2635,2729,2687,2660,2639,2548,2708,2725,2558,2730,2487,2499,2483,2481,2357,2684
2873,2873,2885,2773,2697,2694,2654,2677,2676,2601,2529,2555,2475,2728,2683,2523,2594,2619,2543,2485,2538,2486,2525,2474,2402
2790,2790,2748,2762,2724,2742,2831,2746,2631,2704,2572,2624,2608,2673,2785,2608,2695,2764,2578,2676,2657,2417,2441,2546,2528
2772,2772,2846,2741,2840,2773,2860,2802,2636,2736,2675,2695,2592,2673,2755,2627,2639,2641,2725,2508,2536,2445,2580,2430,2534
2785,2785,2811,2730,2838,2872,2758,2755,2727,2711,2761,2730,2537,2687,2810,2678,2464,2631,2458,2521,2532,2312,2582,2475,2565
2736,2736,2999,2855,2838,2858,2659,2736,2744,2632,2684,2565,2548,2672,2632,2747,2733,2667,2598,2547,2525,2377,2350,2509,2404
2825,2825,2729,2820,2777,2794,2766,2713,2580,2545,2698,2693,2476,2644,2719,2607,2475,2720,2616,2339,2579,2464,2445,2413,2436
2944,2944,2775,2881,2676,2757,2777,2660,2605,2620,2631,2749,2653,2728,2663,2675,2671,2550,2605,2409,2588,2555,2399,2472,2456
2808,2808,2690,2702,2893,2639,2739,2710,2619,2796,2730,2661,2671,2714,2617,2597,2709,2694,2524,2472,2451,2486,2461,2510,2504
2766,2766,2802,2742,2853,2688,2741,2778,2795,2727,2689,2580,2668,2678,2679,2567,2589,2676,2623,2593,2540,2468,2351,2521,2464
2802,2802,2774,2790,2723,2733,2696,2795,2763,2664,2681,2626,2863,2664,2856,2567,2590,2396,2544,2619,2431,2459,2549,2395,2630
2759,2759,2757,2882,2763,2773,2803,2689,2675,2805,2719,2704,2573,2623,2714,2745,2637,2728,2636,2569,2343,2617,2389,2368,2507
2851,2851,2804,2844,2742,2849,2609,2759,2793,2689,2676,2723,2525,2621,2674,2659,2711,2595,2632,2566,2552,2438,2552,2426,2478
2790,2790,2860,2714,2744,2854,2810,2811,2738,2783,2558,2735,2653,2655,2692,2578,2608,2475,2648,2599,2518,2463,2372,2411,2650
2755,2755,2856,2854,2845,2673,2785,2754,2734,2709,2666,2558,2599,2758,2731,2669,2580,2655,2668,2508,2604,2589,2488,2430,2587
2673,2673,2853,2827,2794,2802,2733,2673,2688,2746,2719,2663,2583,2814,2615,2600,2638,2602,2485,2538,2512,2516,2493,2266,2410
2921,2921,2725,2837,2811,2657,2770,2730,2806,2624,2643,2743,2606,2520,2696,2524,2685,2531,2519,2563,2588,2363,2385,2504,2625
2860,2860,2774,2832,2818,2866,2833,2622,2672,2728,2646,2767,2660,2743,2740,2675,2583,2570,2602,2771,2610,2438,2456,2370,2629
2859,2859,2731,2767,2693,2813,2741,2700,2764,2578,2605,2760,2699,2753,2725,2681,2704,2672,2638,2485,2480,2420,2572,2406,2521
2657,2657,2657,2800,2785,2591,2848,2658,2675,2718,2703,2620,2605,2847,2591,2813,2592,2587,2523,2605,2390,2470,2411,2362,2509
2887,2887,2808,2750,2797,2776,2646,2654,2718,2703,2622,2663,2699,2692,2764,2725,2675,2586,2563,2578,2493,2415,2435,2511,2562
2762,2762,2803,2742,2813,2764,2760,2758,2715,2733,2659,2632,2578,2700,2625,2682,2722,2613,2558,2617,2523,2418,2436,2447,2540
2688,2688,2758,2817,2816,2688,2829,2789,2791,2805,2617,2591,2709,2666,2745,2704,2617,2524,2684,2504,2515,2386,2304,2455,2647
2916,2916,2791,2902,2648,2853,2696,2855,2802,2749,2684,2575,2633,2683,2513,2647,2687,2743,2599,2471,2527,2490,2419,2436,2499
2926,2926,2800,2756,2742,2666,2696,2718,2779,2752,2603,2677,2727,2727,2599,2704,2541,2563,2591,2493,2528,2480,2346,2451,2554
2834,2834,2896,2821,2722,2734,2797,2810,2735,2593,2607,2767,2563,2625,2685,2602,2766,2606,2480,2625,2480,2540,2281,2348,2497
2599,2599,2830,2722,2803,2775,2659,2747,2593,2732,2592,2736,2588,2695,2867,2714,2662,2438,2640,2567,2358,2554,2532,2510,2615
2897,2897,2774,2844,2850,2779,2641,2805,2700,2591,2665,2612,2622,2748,2737,2616,2598,2669,2612,2554,2569,2630,2405,2431,2521
2917,2917,2743,2759,2883,2656,2704,2780,2625,2791,2667,2623,2666,2769,2660,2747,2555,2519,2666,2462,2547,2470,2483,2426,2456
2845,2845,2782,2643,2724,2883,2644,2600,2687,2739,2669,2557,2693,2586,2693,2696,2635,2721,2660,2654,2498,2466,2452,2430,2456
2770,2770,2911,2817,2666,2741,2687,2713,2744,2609,2556,2525,2658,2581,2702,2678,2690,2379,2681,2490,2476,2485,2409,2486,2500
2785,2785,2870,2703,2645,2710,2741,2793,2683,2606,2650,2781,2636,2745,2833,2661,2624,2537,2566,2574,2514,2408,2357,2418,2417
2745,2745,2586,2722,2757,2698,2767,2789,2605,2686,2592,2640,2538,2520,2687,2763,2713,2569,2542,2522,2573,2481,2464,2433,2534
2850,2850,2857,2878,2826,2679,2654,2645,2762,2686,2738,2599,2647,2644,2498,2735,2568,2675,2588,2368,2340,2505,2433,2352,2394
2788,2788,2821,2676,2864,2765,2678,2666,2676,2681,2722,2593,2654,2812,2802,2620,2603,2528,2639,2531,2512,2472,2559,2424,2549
2764,2764,2799,2881,2892,2701,2689,2670,2661,2611,2527,2506,2663,2673,2491,2791,2758,2645,2727,2614,2513,2511,2472,2443,2439
2780,2780,2875,2752,2617,2806,2633,2648,2594,2619,2529,2551,2559,2752,2584,2634,2698,2457,2639,2592,2483,2413,2474,2526,2513
2841,2841,2771,2719,2742,2572,2531,2629,2675,2693,2644,2732,2620,2621,2830,2567,2657,2533,2800,2616,2423,2475,2407,2395,2381
2869,2869,2910,2876,2761,2712,2876,2770,2752,2746,2581,2652,2518,2659,2674,2692,2709,2661,2553,2536,2467,2554,2576,2501,2376
2765,2765,2740,2767,2796,2867,2844,2789,2781,2689,2594,2684,2718,2629,2635,2878,2673,2614,2503,2494,2468,2446,2451,2439,2394
2775,2775,2687,2658,2789,2767,2702,2782,2657,2680,2679,2727,2568,2694,2747,2765,2727,2550,2606,2586,2561,2551,2509,2328,2558
2736,2736,2742,2760,2736,2809,2738,2634,2693,2615,2607,2564,2554,2862,2687,2681,2532,2712,2608,2494,2558,2515,2491,2461,2565
2909,2909,2815,2702,2696,2743,2802,2569,2621,2652,2649,2705,2768,2714,2679,2605,2637,2664,2626,2520,2523,2452,2394,2399,2440
2692,2692,2735,2843,2746,2700,2766,2725,2671,2564,2587,2736,2554,2595,2732,2686,2642,2502,2616,2533,2461,2489,2402,2456,2496
2852,2852,2885,2705,2738,2805,2754,2696,2655,2833,2566,2610,2621,2767,2673,2701,2583,2645,2659,2357,2603,2524,2488,2493,2390
2815,2815,2704,2731,2648,2818,2731,2741,2820,2574,2767,2688,2628,2685,2626,2754,2699,2564,2578,2594,2451,2470,2492,2484,2434
2951,2951,2799,2801,2663,2737,2738,2727,2601,2618,2595,2726,2633,2727,2595,2648,2604,2621,2601,2624,2528,2544,2637,2294,2497
2816,2816,2852,2806,2813,2746,2737,2725,2598,2648,2624,2525,2559,2670,2721,2634,2595,2618,2613,2656,2333,2443,2428,2350,2406
2821,2821,2940,2694,2734,2818,2740,2813,2635,2584,2588,2630,2581,2500,2679,2753,2691,2634,2586,2481,2425,2559,2411,2477,2630
2740,2740,2785,2805,2781,2729,2701,2661,2598,2743,2731,2653,2522,2840,2728,2697,2584,2534,2682,2620,2494,2631,2536,2505,2505
2808,2808,2758,2849,2744,2740,2684,2674,2822,2675,2750,2500,2678,2525,2821,2732,2550,2529,2625,2569,2458,2489,2414,2678,2486
2852,2852,2848,2813,2634,2747,2845,2800,2704,2754,2699,2582,2696,2743,2642,2730,2852,2538,2520,2517,2614,2456,2470,2487,2443
2812,2812,2886,2723,2802,2833,2785,2714,2773,2602,2580,2699,2568,2710,2804,2712,2774,2535,2617,2626,2457,2586,2380,2412,2581
2801,2801,2863,2750,2763,2717,2667,2619,2643,2817,2618,2680,2563,2738,2725,2725,2680,2613,2735,2547,2250,2440,2477,2449,2527
2680,2680,2804,2897,2817,2712,2657,2808,2852,2647,2642,2679,2570,2646,2669,2698,2610,2619,2607,2585,2556,2497,2456,2380,2658
2709,2709,2904,2863,2786,2728,2705,2667,2634,2671,2670,2540,2499,2640,2712,2488,2562,2713,2550,2639,2472,2593,2422,2484,2396
2854,2854,2620,2796,2736,2763,2717,2665,2679,2630,2673,2642,2559,2636,2685,2726,2646,2548,2646,2523,2463,2579,2434,2478,2540
2808,2808,2732,2911,2771,2776,2772,2776,2766,2594,2521,2696,2599,2662,2695,2723,2664,2718,2719,2611,2508,2539,2525,2408,2550
2855,2855,2773,2861,2864,2807,2654,2669,2686,2638,2662,2557,2628,2606,2770,2644,2602,2641,2652,2517,2536,2476,2481,2457,2599
2820,2820,2804,2793,2797,2698,2739,2653,2672,2752,2618,2584,2662,2656,2438,2632,2696,2631,2585,2515,2561,2515,2527,2421,2392
2804,2804,2845,2781,2715,2730,2804,2719,2765,2649,2566,2643,2561,2690,2556,2645,2724,2493,2565,2474,2475,2535,2395,2441,2541
2824,2824,2794,2774,2698,2696,2816,2689,2654,2596,2708,2579,2645,2770,2589,2551,2677,2754,2573,2525,2614,2581,2426,2426,2551
2834,2834,2860,2942,2803,2920,2741,2722,2627,2737,2608,2651,2533,2662,2595,2638,2570,2622,2592,2642,2546,2627,2495,2388,2365
2754,2754,2805,2812,2877,2852,2706,2794,2734,2678,2724,2636,2464,2586,2692,2668,2514,2519,2594,2628,2474,2556,2399,2504,2619
2843,2843,2827,2688,2656,2889,2807,2600,2681,2720,2677,2580,2661,2737,2598,2523,2750,2498,2631,2539,2561,2479,2569,2509,2527
2845,2845,2761,2696,2813,2688,2842,2725,2644,2755,2657,2639,2682,2575,2740,2554,2696,2490,2548,2617,2487,2482,2503,2507,2510
2875,2875,2870,2875,2811,2554,2844,2812,2771,2641,2685,2663,2558,2589,2690,2717,2576,2524,2602,2590,2412,2417,2474,2406,2337
2831,2831,2824,2741,2826,2742,2811,2848,2662,2645,2607,2720,2630,2655,2786,2689,2572,2551,2648,2553,2602,2566,2347,2414,2612
2748,2748,2748,2798,2846,2686,2734,2752,2639,2651,2735,2679,2615,2765,2624,2706,2585,2598,2546,2452,2681,2393,2511,2400,2444
2733,2733,2754,2776,2655,2793,2714,2749,2681,2623,2726,2718,2550,2531,2588,2650,2574,2688,2669,2415,2494,2454,2491,2334,2606
2862,2862,2744,2644,2720,2687,2581,2830,2693,2662,2671,2639,2605,2746,2635,2766,2504,2656,2515,2592,2714,2519,2519,2530,2304
2776,2776,2688,2814,2787,2716,2647,2758,2742,2701,2608,2499,2489,2663,2590,2619,2732,2699,2719,2499,2490,2443,2506,2365,2545
2775,2775,2881,2772,2838,2777,2611,2722,2730,2761,2678,2638,2605,2598,2665,2691,2518,2626,2605,2519,2511,2506,2375,2525,2433
2794,2794,2749,2867,2714,2815,2850,2791,2775,2682,2656,2728,2579,2681,2696,2621,2662,2601,2469,2513,2472,2529,2522,2490,2486
2717,2717,2813,2627,2864,2754,2647,2728,2659,2619,2649,2554,2542,2696,2920,2700,2569,2598,2744,2541,2414,2439,2535,2544,2506
2686,2686,2773,2725,2833,2752,2725,2701,2635,2629,2670,2549,2708,2592,2748,2580,2516,2515,2711,2542,2368,2449,2475,2376,2494
2820,2820,2716,2689,2678,2743,2657,2589,2761,2750,2779,2608,2532,2643,2752,2709,2719,2746,2485,2514,2386,2635,2460,2449,2370
2747,2747,2651,2697,2749,2724,2763,2637,2733,2640,2702,2709,2522,2692,2577,2637,2571,2633,2537,2579,2492,2429,2454,2343,2466
2800,2800,2751,2750,2689,2729,2697,2623,2713,2753,2517,2620,2577,2650,2637,2650,2752,2489,2591,2521,2559,2511,2395,2515,2550
2774,2774,2753,2796,2740,2705,2756,2820,2734,2695,2596,2578,2558,2806,2556,2658,2658,2818,2550,2559,2481,2491,2497,2333,2639
2754,2754,2804,2720,2708,2707,2783,2731,2814,2590,2702,2576,2678,2794,2787,2695,2690,2525,2722,2599,2545,2490,2368,2445,2428
2887,2887,2797,2846,2766,2820,2633,2612,2677,2685,2779,2661,2694,2771,2634,2688,2612,2650,2450,2586,2530,2475,2477,2544,2478
2815,2815,2770,2710,2669,2745,2803,2704,2780,2593,2660,2605,2639,2720,2825,2675,2655,2534,2493,2448,2544,2472,2338,2465,2500
2797,2797,2862,2910,2668,2711,2704,2790,2642,2545,2627,2648,2621,2767,2735,2708,2632,2488,2714,2576,2452,2497,2394,2366,2661
2868,2868,2766,2854,2802,2687,2813,2662,2669,2755,2593,2607,2654,2568,2477,2590,2597,2564,2595,2534,2416,2521,2393,2343,2525
2839,2839,2894,2824,2656,2715,2712,2662,2714,2654,2491,2580,2692,2831,2575,2753,2638,2546,2562,2606,2569,2606,2432,2444,2606
2841,2841,2806,2767,2730,2687,2728,2731,2731,2637,2618,2735,2558,2666,2744,2584,2710,2655,2628,2507,2483,2436,2518,2411,2450
2925,2925,2701,2719,2696,2724,2628,2781,2690,2603,2587,2590,2691,2843,2513,2629,2533,2592,2483,2575,2604,2373,2595,2343,2355
2788,2788,2821,2844,2803,2716,2703,2750,2672,2791,2605,2613,2628,2651,2745,2653,2623,2605,2715,2493,2579,2485,2471,2369,2591
2827,2827,2850,2752,2893,2810,2748,2666,2647,2598,2629,2706,2701,2646,2787,2788,2580,2530,2635,2467,2406,2416,2410,2500,2384
2727,2727,2771,2731,2633,2762,2755,2748,2698,2612,2626,2623,2726,2859,2704,2651,2634,2745,2622,2562,2450,2566,2450,2403,2336
2772,2772,2768,2815,2905,2626,2733,2679,2570,2639,2681,2491,2586,2605,2616,2545,2660,2691,2694,2684,2556,2568,2472,2324,2463
2715,2715,2737,2859,2771,2719,2860,2633,2677,2774,2600,2624,2624,2696,2792,2656,2542,2677,2639,2581,2506,2517,2565,2422,2517
2681,2681,2709,2910,2742,2750,2661,2631,2595,2670,2610,2705,2610,2634,2718,2862,2642,2713,2561,2460,2525,2487,2361,2472,2641
2684,2684,2795,2797,2669,2817,2855,2669,2658,2730,2568,2656,2616,2650,2686,2538,2496,2642,2660,2451,2499,2535,2517,2380,2585
2772,2772,2654,2840,2790,2823,2708,2747,2649,2714,2735,2599,2543,2761,2611,2662,2598,2466,2694,2434,2663,2363,2389,2375,2633
2781,2781,2835,2682,2729,2858,2786,2707,2636,2657,2714,2555,2682,2820,2695,2660,2607,2726,2551,2525,2511,2362,2438,2305,2521
2761,2761,2868,2544,2765,2763,2754,2664,2719,2606,2665,2541,2625,2680,2664,2500,2769,2624,2600,2545,2417,2504,2435,2533,2470
2889,2889,2784,2753,2722,2813,2801,2724,2749,2640,2577,2712,2623,2662,2646,2654,2608,2671,2680,2510,2645,2467,2411,2393,2643
2821,2821,2708,2808,2909,2762,2801,2653,2736,2667,2649,2711,2564,2748,2695,2735,2773,2611,2543,2513,2520,2589,2464,2373,2627
2823,2823,2848,2772,2653,2768,2794,2771,2620,2667,2632,2499,2688,2679,2602,2603,2639,2676,2693,2532,2399,2417,2530,2340,2381
2826,2826,2766,2639,2791,2616,2769,2654,2687,2616,2540,2584,2677,2715,2773,2697,2687,2684,2615,2521,2589,2470,2403,2497,2504
2807,2807,2776,2777,2638,2816,2728,2644,2733,2673,2614,2693,2515,2811,2579,2791,2755,2503,2804,2455,2516,2467,2411,2468,2319
2737,2737,2703,2704,2629,2777,2819,2672,2712,2648,2717,2642,2541,2729,2717,2695,2618,2661,2500,2541,2533,2445,2492,2526,2586
2783,2783,2774,2786,2740,2657,2685,2751,2621,2700,2752,2603,2592,2485,2505,2590,2676,2588,2612,2411,2705,2369,2489,2538,2521
2831,2831,2737,2790,2830,2820,2703,2749,2645,2780,2615,2620,2557,2697,2619,2739,2678,2570,2780,2608,2376,2515,2420,2464,2471
